,words,freq
0,produto,2081
1,notebook,1465
2,bem,1328
3,bom,1285
4,suporte,1044
5,fica,832
6,fácil,686
7,pouco,615
8,veio,577
9,torto,574
10,altura,504
11,recomendo,496
12,gostei,459
13,pra,445
14,ótimo,440
15,qualidade,423
16,estável,423
17,ser,388
18,prático,375
19,boa,369
20,chegou,352
21,simples,350
22,usar,341
23,excelente,337
24,material,330
25,resistente,323
26,cumpre,318
27,atendeu,304
28,estabilidade,300
29,porém,290
30,uso,288
31,super,280
32,ajustar,263
33,bastante,253
34,expectativas,251
35,mesa,251
36,achei,249
37,custo,247
38,pois,245
39,atende,243
40,parece,238
41,posição,233
42,ficar,231
43,meio,221
44,firme,211
45,melhor,210
46,ficou,209
47,outro,205
48,deixar,195
49,leve,193
50,teclado,193
51,ter,189
52,entrega,186
53,benefício,185
54,comprei,180
55,difícil,178
56,preço,178
57,computador,178
58,dobrar,171
59,ajuste,163
60,vale,162
61,pena,158
62,antes,157
63,ergonômico,155
64,compra,152
65,ergonomia,151
66,tempo,151
67,lado,151
68,nada,149
69,note,149
70,postura,148
71,espaço,147
72,tela,147
73,perfeito,146
74,pode,144
75,deixa,144
76,problema,144
77,promete,142
78,instável,139
79,dá,138
80,ainda,125
81,regulagem,123
82,útil,123
83,trabalho,122
84,além,122
85,montar,120
86,assim,120
87,regular,119
88,hastes,118
89,colocar,118
90,ótima,115
91,funciona,114
92,rápido,112
93,comprar,109
94,dia,108
95,frágil,107
96,forma,106
97,prazo,106
98,porque,103
99,tão,102
100,ajuda,102
101,qualquer,101
102,alto,100
103,pernas,99
104,funcional,99
105,perfeitamente,98
106,tudo,98
107,vezes,97
108,parte,96
109,laptop,96
110,então,96
111,função,94
112,lados,94
113,necessidade,93
114,vai,93
115,sempre,92
116,fique,91
117,todo,91
118,ruim,88
119,bambo,88
120,rápida,87
121,bonito,86
122,consegui,86
123,cima,86
124,pés,85
125,nao,85
126,certo,83
127,tanto,81
128,transportar,81
129,dois,80
130,necessidades,80
131,outra,79
132,peso,78
133,utilizar,77
134,defeito,77
135,ok,77
136,reto,76
137,empenado,76
138,lugar,76
139,ocupa,75
140,fazer,75
141,dias,75
142,faz,75
143,poderia,74
144,apenas,74
145,apoio,73
146,possui,72
147,mim,72
148,manter,72
149,base,71
150,ponto,70
151,geral,70
152,maior,69
153,home,69
154,office,69
155,manuseio,69
156,realmente,69
157,quanto,69
158,disso,67
159,precisa,67
160,consigo,67
161,exatamente,66
162,menos,66
163,ideal,66
164,levar,65
165,feito,64
166,amazon,64
167,ajustes,64
168,apesar,64
169,caso,64
170,acabamento,63
171,baixo,63
172,acho,63
173,embalado,62
174,outros,62
175,usando,62
176,adorei,61
177,barato,61
178,compacto,60
179,plástico,60
180,mouse,59
181,guardar,59
182,ajudou,59
183,alguns,59
184,manusear,58
185,totalmente,58
186,trabalhar,58
187,grande,58
188,confortável,58
189,problemas,58
190,esperava,57
191,dificuldade,57
192,polegadas,57
193,pequeno,56
194,custo-benefício,56
195,serve,56
196,pescoço,55
197,muita,55
198,vez,55
199,desnivelado,55
200,demais,54
201,sobre,54
202,agora,53
203,propõe,53
204,discreto,53
205,sei,53
206,sendo,53
207,vem,53
208,ferro,52
209,preciso,52
210,momento,52
211,nele,52
212,esperado,51
213,duas,51
214,tamanho,51
215,jeito,51
216,notebooks,51
217,valor,51
218,vc,51
219,amei,50
220,permite,50
221,pratico,50
222,dentro,50
223,segura,50
224,questão,49
225,tablet,49
226,olhos,49
227,pesado,49
228,possível,48
229,beneficio,48
230,todas,48
231,hora,48
232,achar,48
233,metal,48
234,melhorou,48
235,equipamento,48
236,alta,47
237,design,47
238,relação,47
239,propósito,47
240,indico,47
241,casa,46
242,dores,46
243,silicone,46
244,valeu,46
245,necessário,46
246,fiquei,46
247,alinhado,46
248,deu,45
249,algo,45
250,digitar,45
251,todos,45
252,conforme,44
253,deveria,44
254,conta,43
255,seguro,43
256,cair,43
257,facilidade,42
258,duro,42
259,durável,42
260,praticidade,42
261,algumas,42
262,recebi,42
263,certa,42
264,único,42
265,papel,41
266,quase,41
267,apoiado,41
268,péssimo,41
269,infelizmente,41
270,dar,41
271,ajustável,40
272,vou,40
273,segurança,40
274,após,40
275,acredito,40
276,quebrou,40
277,caixa,40
278,durabilidade,39
279,aqui,39
280,serviu,39
281,frente,39
282,vi,39
283,fato,39
284,coisa,39
285,suportes,39
286,perna,39
287,torta,38
288,certinho,38
289,encontrar,38
290,top,38
291,nenhum,38
292,direito,38
293,mochila,38
294,foto,38
295,modelo,37
296,diferentes,37
297,mesma,37
298,conseguir,37
299,ficava,37
300,satisfeita,37
301,portátil,37
302,correta,37
303,deixando,37
304,algum,37
305,pro,37
306,melhorar,37
307,toda,37
308,mexer,36
309,estrutura,36
310,montagem,36
311,quer,36
312,medo,36
313,pouquinho,36
314,mole,36
315,desse,36
316,sim,35
317,baixa,35
318,desejar,35
319,novamente,35
320,ficam,35
321,queria,35
322,descrição,35
323,onde,34
324,nível,34
325,aparentemente,34
326,usado,34
327,otimo,34
328,nivelado,34
329,talvez,34
330,haste,34
331,péssima,33
332,arrumar,33
333,aparenta,33
334,precisava,33
335,aquisição,33
336,coluna,33
337,pé,33
338,acaba,33
339,facil,33
340,borracha,33
341,diferença,32
342,monitor,32
343,superfície,32
344,melhora,32
345,utilização,32
346,consegue,32
347,opção,32
348,satisfeito,32
349,complicado,32
350,estabilizar,32
351,devolver,32
352,inclinação,31
353,construção,31
354,carregar,31
355,devolução,31
356,chato,31
357,horas,31
358,completamente,31
359,cuidado,31
360,meses,31
361,tipo,31
362,quebrado,31
363,várias,30
364,previsto,30
365,impossível,30
366,enquanto,30
367,nunca,30
368,facilmente,30
369,melhores,30
370,ventilação,30
371,dificil,30
372,entregue,29
373,primeiro,29
374,início,29
375,hoje,29
376,ver,29
377,vários,29
378,forte,29
379,partes,29
380,pq,29
381,frouxo,29
382,escorrega,29
383,primeira,28
384,objetivo,28
385,corretamente,28
386,durar,28
387,impressão,28
388,perfeita,28
389,compraria,28
390,junto,28
391,principalmente,28
392,apoios,28
393,ficasse,27
394,suporta,27
395,peça,27
396,força,27
397,prometido,27
398,comentários,27
399,tentei,27
400,certeza,27
401,igual,27
402,frouxa,27
403,começo,26
404,transporte,26
405,expectativa,26
406,muitas,26
407,fixo,26
408,borrachinhas,26
409,firmeza,26
410,deixá-lo,26
411,cada,26
412,pessoas,26
413,proposto,26
414,alinhar,26
415,investimento,25
416,sido,25
417,ficando,25
418,robusto,25
419,manual,25
420,adaptar,25
421,ajusta,25
422,aparelho,25
423,senti,25
424,superou,25
425,legal,25
426,mantém,25
427,coloca,25
428,balançando,25
429,segundo,25
430,si,25
431,deixou,25
432,precisar,25
433,logo,25
434,instabilidade,25
435,estar,25
436,modo,25
437,dobrável,25
438,aguenta,25
439,tranquilo,24
440,peças,24
441,regulável,24
442,borrachas,24
443,falta,24
444,dor,24
445,embalagem,24
446,fazendo,24
447,simplesmente,24
448,reclamar,24
449,conforto,24
450,dobra,24
451,ajustando,24
452,tentar,24
453,inclinado,24
454,deve,24
455,extremamente,24
456,semana,23
457,adequada,23
458,devido,23
459,novo,23
460,alguma,23
461,evitar,23
462,troca,23
463,durante,23
464,outras,23
465,sustenta,23
466,produtos,23
467,tentando,23
468,mto,23
469,ajustado,23
470,fraco,23
471,dobrado,23
472,montado,23
473,opções,23
474,posições,22
475,desliza,22
476,entanto,22
477,costas,22
478,negativo,22
479,horrível,22
480,menor,22
481,devolvi,22
482,apoiar,22
483,dell,22
484,solta,22
485,acertar,22
486,pc,22
487,abrir,22
488,coloco,22
489,equilíbrio,21
490,comprado,21
491,acabado,21
492,trabalha,21
493,usei,21
494,fiz,21
495,paciência,21
496,nenhuma,21
497,reais,21
498,perninhas,21
499,ângulo,20
500,lugares,20
501,ideia,20
502,ar,20
503,segurar,20
504,visão,20
505,encaixe,20
506,nesse,20
507,ja,20
508,incomoda,20
509,not,20
510,marca,20
511,desalinhado,20
512,dinheiro,20
513,bolsa,20
514,segunda,19
515,alturas,19
516,ergonômica,19
517,justo,19
518,mal,19
519,arrependi,19
520,cabe,19
521,demorei,19
522,única,19
523,chegar,19
524,passar,19
525,eficiente,19
526,anunciado,19
527,posicionar,19
528,estrelas,19
529,maneira,19
530,contato,19
531,entender,19
532,apresenta,19
533,desde,19
534,tá,19
535,embora,19
536,desnível,19
537,desmontar,18
538,preto,18
539,escorregando,18
540,livros,18
541,enfim,18
542,pintura,18
543,externo,18
544,dependendo,18
545,uns,18
546,encosta,18
547,próprio,18
548,acordo,18
549,minimalista,18
550,condições,18
551,pensei,18
552,podem,18
553,avaliações,18
554,porem,18
555,direitinho,18
556,bases,18
557,elevar,17
558,vendedor,17
559,fixa,17
560,encaixa,17
561,ambos,17
562,utilizando,17
563,finalidade,17
564,flexível,17
565,facilita,17
566,ajeitar,17
567,parabéns,17
568,atrapalhe,17
569,tranquilamente,17
570,apoia,17
571,entretanto,17
572,interessante,17
573,galho,17
574,nota,17
575,passa,17
576,calço,17
577,estado,17
578,pontos,17
579,razoável,17
580,acabei,17
581,colocando,17
582,estavel,17
583,macbook,17
584,mês,17
585,bamba,17
586,quiser,17
587,cabeça,17
588,digitação,16
589,clean,16
590,fio,16
591,posso,16
592,incrível,16
593,encaixar,16
594,pedi,16
595,coisas,16
596,usa,16
597,arranhar,16
598,fico,16
599,tortas,16
600,mínima,16
601,somente,16
602,nivelar,16
603,mercado,16
604,pequena,16
605,poder,16
606,vindo,16
607,atrapalha,16
608,aparência,15
609,parecer,15
610,descrito,15
611,dificulta,15
612,vir,15
613,forçar,15
614,muitos,15
615,versátil,15
616,desdobrar,15
617,ir,15
618,correios,15
619,desentortar,15
620,proposta,15
621,fim,15
622,compre,15
623,quesito,15
624,acessível,15
625,diferente,15
626,embaixo,15
627,caro,15
628,contrário,15
629,deste,15
630,minutos,15
631,funcionou,15
632,torno,15
633,encontrei,15
634,suficiente,15
635,contudo,15
636,risco,15
637,livro,15
638,inferior,15
639,tendo,15
640,vieram,15
641,sinto,15
642,tirando,15
643,tamanhos,15
644,firmes,15
645,estranho,14
646,cor,14
647,usuário,14
648,fabricação,14
649,falso,14
650,praticamente,14
651,elevado,14
652,resolver,14
653,anúncio,14
654,receio,14
655,extra,14
656,esquerdo,14
657,alinhamento,14
658,instalar,14
659,quebrar,14
660,acabou,14
661,básico,14
662,quebra,14
663,paguei,14
664,reta,14
665,diversas,14
666,posicionamento,14
667,trocar,14
668,atendendo,14
669,cai,14
670,torna,14
671,precisei,14
672,compro,14
673,comprem,14
674,balança,14
675,adapta,13
676,local,13
677,comecei,13
678,tempos,13
679,confiança,13
680,maiores,13
681,ipad,13
682,experiência,13
683,correto,13
684,caindo,13
685,percebi,13
686,surpreendeu,13
687,rígido,13
688,arrependo,13
689,modelos,13
690,detalhe,13
691,suportar,13
692,etc,13
693,aberto,13
694,encaixou,13
695,coloquei,13
696,portanto,13
697,manco,13
698,perde,13
699,falar,13
700,vista,13
701,notbook,13
702,simétrico,13
703,resto,13
704,fábrica,13
705,resistência,13
706,gostaria,13
707,presente,13
708,olhar,13
709,pesados,13
710,levemente,13
711,final,13
712,iguais,13
713,preta,12
714,demora,12
715,nivelamento,12
716,construído,12
717,instruções,12
718,ajustá-lo,12
719,espero,12
720,sair,12
721,empresa,12
722,braços,12
723,seguram,12
724,procurando,12
725,item,12
726,data,12
727,vida,12
728,recomendaria,12
729,creio,12
730,relativamente,12
731,semanas,12
732,possibilidade,12
733,oferece,12
734,causa,12
735,pessoa,12
736,aí,12
737,desejada,12
738,mexendo,12
739,compensa,12
740,colocado,12
741,deseja,12
742,parecia,12
743,lixo,12
744,visto,12
745,trava,12
746,maravilhoso,12
747,cumpriu,12
748,materiais,11
749,fechar,11
750,quero,11
751,superfícies,11
752,fixar,11
753,mão,11
754,dizer,11
755,lá,11
756,estudar,11
757,formas,11
758,estabiliza,11
759,adequado,11
760,mt,11
761,elevação,11
762,refrigeração,11
763,dificuldades,11
764,solto,11
765,evitando,11
766,direita,11
767,funcionando,11
768,adequadamente,11
769,inicialmente,11
770,gostando,11
771,aulas,11
772,simplicidade,11
773,so,11
774,resolveu,11
775,cadeira,11
776,ocupar,11
777,defeitos,11
778,pago,11
779,dessa,11
780,regulação,11
781,resolve,11
782,supriu,11
783,dando,11
784,sensação,11
785,equilibrar,11
786,fixação,11
787,testei,11
788,tablets,11
789,fino,11
790,gasto,11
791,feita,11
792,justamente,11
793,deslizando,11
794,inclusive,10
795,avaliar,10
796,pouca,10
797,iria,10
798,motivo,10
799,ajudar,10
800,ambiente,10
801,circulação,10
802,estudo,10
803,abri,10
804,utilizo,10
805,proteção,10
806,fita,10
807,atendido,10
808,direto,10
809,pedido,10
810,mecanismo,10
811,importante,10
812,importa,10
813,independente,10
814,vídeo,10
815,instalação,10
816,basta,10
817,escritório,10
818,maleável,10
819,comprando,10
820,normal,10
821,servindo,10
822,irregular,10
823,tortos,10
824,imaginava,10
825,prática,10
826,negócio,10
827,folgado,10
828,molenga,10
829,sozinho,10
830,folgada,10
831,mac,10
832,havia,10
833,adaptável,10
834,pequenos,10
835,chatinho,10
836,funcionalidade,9
837,parado,9
838,site,9
839,pezinhos,9
840,solução,9
841,comigo,9
842,adequa,9
843,irá,9
844,perder,9
845,eficaz,9
846,câmera,9
847,astes,9
848,fabricante,9
849,anos,9
850,evita,9
851,considerando,9
852,escorregar,9
853,avaliação,9
854,ano,9
855,precisando,9
856,tomar,9
857,demorou,9
858,tento,9
859,aconteceu,9
860,pendendo,9
861,cooler,9
862,assistir,9
863,abertura,9
864,dispositivo,9
865,constantemente,9
866,utilizado,9
867,olhando,9
868,reembolso,9
869,elegante,9
870,verdade,9
871,ai,9
872,gambiarra,9
873,testar,9
874,imagens,9
875,dou,9
876,essencial,9
877,saber,9
878,satisfatório,9
879,investir,9
880,ajudando,9
881,fez,9
882,ligeiramente,9
883,impede,9
884,grandes,9
885,fotos,9
886,frouxas,9
887,usá-lo,9
888,intuitivo,9
889,corresponde,9
890,dei,9
891,book,9
892,ajudam,9
893,resfriamento,9
894,proporciona,9
895,estabilizado,9
896,jogado,9
897,movimento,9
898,gastar,9
899,sustentação,9
900,incômodo,8
901,gosto,8
902,peguei,8
903,custo/benefício,8
904,aprovado,8
905,dificultando,8
906,utilidade,8
907,aquecimento,8
908,poderiam,8
909,volta,8
910,arranhões,8
911,traz,8
912,articulações,8
913,recomendado,8
914,leitura,8
915,sábado,8
916,poucos,8
917,possa,8
918,controle,8
919,gamer,8
920,visualização,8
921,linha,8
922,aço,8
923,pesa,8
924,li,8
925,lindo,8
926,claro,8
927,utilizá-lo,8
928,use,8
929,neste,8
930,movimentar,8
931,tirar,8
932,mudar,8
933,pessoal,8
934,trabalhando,8
935,reuniões,8
936,pontas,8
937,esquerda,8
938,encaixes,8
939,prejudica,8
940,regulagens,8
941,ângulos,8
942,loading,8
943,fragilidade,8
944,cervical,8
945,deveriam,8
946,compramos,8
947,tira,8
948,reclamação,8
949,funcionar,8
950,tal,8
951,envio,8
952,util,8
953,imagem,8
954,esbarrar,8
955,dúvida,8
956,leves,8
957,pior,8
958,facilitou,8
959,gostou,8
960,youtube,8
961,plastico,8
962,contar,8
963,confesso,8
964,leva,8
965,raiva,8
966,têm,8
967,perfeitas,8
968,fragil,8
969,plana,8
970,jogar,8
971,posicionado,7
972,comparado,7
973,requer,7
974,indicação,7
975,trás,7
976,regula,7
977,deixo,7
978,decepção,7
979,começou,7
980,ontem,7
981,alças,7
982,inclinada,7
983,espere,7
984,show,7
985,nessa,7
986,bancada,7
987,exemplo,7
988,amigos,7
989,compromete,7
990,rapidez,7
991,superaquecimento,7
992,plásticas,7
993,ia,7
994,marcas,7
995,configuração,7
996,sistema,7
997,realizei,7
998,alguém,7
999,receber,7
1000,imaginei,7
1001,cerca,7
1002,juntas,7
1003,toque,7
1004,usb,7
1005,vá,7
1006,ótimas,7
1007,continua,7
1008,principal,7
1009,boas,7
1010,mínimo,7
1011,positivo,7
1012,resolvi,7
1013,aberta,7
1014,travas,7
1015,umas,7
1016,articulado,7
1017,penso,7
1018,visual,7
1019,prender,7
1020,insegurança,7
1021,mundo,7
1022,falando,7
1023,faço,7
1024,faixa,7
1025,parecem,7
1026,padrão,7
1027,decepcionado,7
1028,pagar,7
1029,frouxos,7
1030,dê,7
1031,mover,7
1032,frete,7
1033,máximo,7
1034,prime,7
1035,proposito,7
1036,compatível,7
1037,ta,7
1038,joguei,7
1039,passei,7
1040,separado,7
1041,bacana,7
1042,desses,7
1043,aprender,7
1044,solicitei,7
1045,unidades,7
1046,filho,7
1047,compensar,7
1048,perninha,7
1049,possíveis,7
1050,resolvido,7
1051,bonita,7
1052,eleva,7
1053,folga,7
1054,visualmente,7
1055,ocupando,7
1056,dúvidas,7
1057,borrachinha,7
1058,espectativas,7
1059,princípio,7
1060,usabilidade,7
1061,notei,7
1062,mobilidade,7
1063,desconfortável,7
1064,vídeos,7
1065,elevada,7
1066,eh,7
1067,sentido,7
1068,tortinho,7
1069,consequentemente,7
1070,equilibrado,7
1071,diversos,7
1072,gente,7
1073,resistentes,6
1074,ferrinhos,6
1075,diz,6
1076,moro,6
1077,total,6
1078,dure,6
1079,sentir,6
1080,vantagem,6
1081,levá-lo,6
1082,suspenso,6
1083,necessita,6
1084,ergonomicamente,6
1085,filha,6
1086,estabelecido,6
1087,plenamente,6
1088,objeto,6
1089,sinceramente,6
1090,prevista,6
1091,mãos,6
1092,empenada,6
1093,má,6
1094,configurar,6
1095,transportado,6
1096,esperando,6
1097,online,6
1098,preso,6
1099,ficaria,6
1100,compras,6
1101,auxilia,6
1102,cm,6
1103,venha,6
1104,mantê-lo,6
1105,organização,6
1106,existe,6
1107,cumprir,6
1108,ferros,6
1109,acessório,6
1110,sugiro,6
1111,ajustei,6
1112,abaixo,6
1113,coube,6
1114,peca,6
1115,perfeccionista,6
1116,ah,6
1117,formato,6
1118,amassada,6
1119,aceitável,6
1120,moderno,6
1121,eficiência,6
1122,pensando,6
1123,claramente,6
1124,utilizei,6
1125,posiciona,6
1126,tornando,6
1127,certamente,6
1128,devolvido,6
1129,causando,6
1130,baixar,6
1131,ficará,6
1132,máquina,6
1133,aparente,6
1134,abre,6
1135,né,6
1136,tambem,6
1137,negativos,6
1138,varias,6
1139,deixava,6
1140,aconselho,6
1141,mexe,6
1142,armar,6
1143,proporcionar,6
1144,diariamente,6
1145,atenção,6
1146,air,6
1147,pudesse,6
1148,noite,6
1149,erro,6
1150,tente,6
1151,surpreendi,6
1152,diretamente,6
1153,acer,6
1154,medida,6
1155,principio,6
1156,mostra,6
1157,espera,6
1158,situação,6
1159,especificações,6
1160,desmonta,6
1161,pedaço,6
1162,dura,6
1163,curti,6
1164,obs,6
1165,entortou,6
1166,cumpri,6
1167,processo,6
1168,correspondeu,6
1169,realizar,6
1170,segurando,6
1171,presilhas,6
1172,olho,6
1173,danificar,6
1174,escrivaninha,6
1175,serem,6
1176,levantar,6
1177,faltou,6
1178,mantem,6
1179,moles,6
1180,comprometa,6
1181,jeitinho,6
1182,estáveis,6
1183,possibilidades,6
1184,indicado,6
1185,móvel,6
1186,rapido,6
1187,pegar,6
1188,regulado,6
1189,demanda,6
1190,armação,6
1191,tende,6
1192,encaixado,6
1193,manipular,6
1194,decepcionei,6
1195,corrigir,6
1196,computadores,6
1197,resultado,6
1198,endireitar,6
1199,desnivelamento,6
1200,mãe,6
1201,zero,6
1202,amassado,6
1203,sambando,6
1204,precise,6
1205,funcionamento,6
1206,queda,6
1207,acima,6
1208,borda,6
1209,caia,6
1210,comum,6
1211,caros,6
1212,pezinho,6
1213,mudando,6
1214,desnivelada,6
1215,tbm,6
1216,ficaram,6
1217,decepcionou,6
1218,fazem,5
1219,girar,5
1220,sólido,5
1221,cola,5
1222,entende,5
1223,descasca,5
1224,virar,5
1225,esquentar,5
1226,chata,5
1227,economiza,5
1228,portabilidade,5
1229,debaixo,5
1230,rapida,5
1231,esforço,5
1232,mandar,5
1233,sabe,5
1234,ganhei,5
1235,soltas,5
1236,termos,5
1237,acostumar,5
1238,atender,5
1239,possivelmente,5
1240,pandemia,5
1241,toma,5
1242,emborrachado,5
1243,internet,5
1244,especialmente,5
1245,antigo,5
1246,rosto,5
1247,agradece,5
1248,ajeitando,5
1249,apresentar,5
1250,deixei,5
1251,salvou,5
1252,conexões,5
1253,igualar,5
1254,mexo,5
1255,confuso,5
1256,caiu,5
1257,locais,5
1258,matéria,5
1259,cidade,5
1260,atrito,5
1261,regule,5
1262,manhã,5
1263,separados,5
1264,possuem,5
1265,estética,5
1266,setup,5
1267,externos,5
1268,forçando,5
1269,pensar,5
1270,confortavel,5
1271,consertar,5
1272,provavelmente,5
1273,senão,5
1274,deslizar,5
1275,características,5
1276,desalinhada,5
1277,limpo,5
1278,superior,5
1279,antigos,5
1280,desempenar,5
1281,lacre,5
1282,adquirido,5
1283,vão,5
1284,grosso,5
1285,frontais,5
1286,cobrado,5
1287,altas,5
1288,surpresa,5
1289,muda,5
1290,dava,5
1291,digitando,5
1292,levando,5
1293,reforçado,5
1294,dito,5
1295,estudos,5
1296,plásticos,5
1297,auxiliar,5
1298,bons,5
1299,variedade,5
1300,alinhados,5
1301,suportam,5
1302,temperatura,5
1303,condiz,5
1304,clientes,5
1305,pressão,5
1306,pareça,5
1307,feliz,5
1308,braço,5
1309,porcaria,5
1310,requisitos,5
1311,flutuando,5
1312,firma,5
1313,acabar,5
1314,menores,5
1315,inicio,5
1316,assimétrico,5
1317,maioria,5
1318,aprendi,5
1319,tava,5
1320,entendi,5
1321,satisfez,5
1322,reclamações,5
1323,normalmente,5
1324,simetria,5
1325,aspecto,5
1326,melhorei,5
1327,necessária,5
1328,agradável,5
1329,soubesse,5
1330,horrivel,5
1331,balançar,5
1332,olha,5
1333,desisti,5
1334,risca,5
1335,utiliza,5
1336,trouxe,5
1337,período,5
1338,vejo,5
1339,permanece,5
1340,qdo,5
1341,subir,5
1342,achando,5
1343,parecendo,5
1344,ocupado,5
1345,perfeição,5
1346,mente,5
1347,regulando,5
1348,alterar,5
1349,móveis,5
1350,entortar,5
1351,pega,5
1352,virando,5
1353,acomoda,5
1354,tanta,5
1355,entorta,5
1356,sabendo,5
1357,fosco,5
1358,flexibilidade,5
1359,calor,5
1360,tb,5
1361,voce,5
1362,manipulação,5
1363,pareceu,5
1364,alinhada,5
1365,fiquem,5
1366,acontece,5
1367,telas,5
1368,mudança,5
1369,permitindo,5
1370,descompensado,5
1371,instavel,5
1372,obrigado,5
1373,maneiras,5
1374,encostar,5
1375,dobras,5
1376,sorte,5
1377,livre,5
1378,basicamente,5
1379,bambeando,5
1380,lisa,5
1381,exata,5
1382,atrapalhou,5
1383,incomodar,5
1384,vertical,4
1385,limitado,4
1386,facilitar,4
1387,pintado,4
1388,auxiliam,4
1389,garantir,4
1390,considero,4
1391,rigido,4
1392,duradouro,4
1393,troquei,4
1394,percam,4
1395,e/ou,4
1396,levado,4
1397,disse,4
1398,suportou,4
1399,cliente,4
1400,dado,4
1401,esquenta,4
1402,sai,4
1403,fortemente,4
1404,custa,4
1405,celular,4
1406,rotina,4
1407,sexta,4
1408,acabam,4
1409,mudou,4
1410,montei,4
1411,pude,4
1412,errado,4
1413,contra,4
1414,avarias,4
1415,escorregue,4
1416,ninguém,4
1417,esposa,4
1418,investido,4
1419,usamos,4
1420,longe,4
1421,mega,4
1422,arranha,4
1423,quebrada,4
1424,ajeita,4
1425,transportadora,4
1426,azar,4
1427,sobe,4
1428,junho,4
1429,fazia,4
1430,usa-lo,4
1431,oque,4
1432,dão,4
1433,assimetria,4
1434,própria,4
1435,girando,4
1436,insatisfeita,4
1437,parecido,4
1438,tentativas,4
1439,organizada,4
1440,possibilita,4
1441,ficarem,4
1442,minimamente,4
1443,levantado,4
1444,frontal,4
1445,terem,4
1446,aumenta,4
1447,danificado,4
1448,chegaram,4
1449,vendido,4
1450,kit,4
1451,cama,4
1452,indispensável,4
1453,segue,4
1454,níveis,4
1455,quatro,4
1456,rapidamente,4
1457,grátis,4
1458,ajudado,4
1459,deixa-lo,4
1460,fiel,4
1461,quis,4
1462,alternativa,4
1463,apena,4
1464,razoavelmente,4
1465,reclamando,4
1466,prendem,4
1467,ate,4
1468,cara,4
1469,itens,4
1470,diminui,4
1471,médio,4
1472,tinta,4
1473,atendimento,4
1474,conseguiu,4
1475,toca,4
1476,triste,4
1477,aumentar,4
1478,preocupa,4
1479,kkkkk,4
1480,perceber,4
1481,apresentado,4
1482,prejudicando,4
1483,firmar,4
1484,começa,4
1485,carcaça,4
1486,acontecer,4
1487,média,4
1488,adicional,4
1489,aconteça,4
1490,frágeis,4
1491,chão,4
1492,começar,4
1493,precisamos,4
1494,podia,4
1495,busca,4
1496,atenda,4
1497,escolha,4
1498,certos,4
1499,corrigindo,4
1500,fáceis,4
1501,amigo,4
1502,niveladas,4
1503,gerar,4
1504,favorece,4
1505,invés,4
1506,primeiros,4
1507,desestabiliza,4
1508,noot,4
1509,permitiu,4
1510,variação,4
1511,leveza,4
1512,ler,4
1513,vidro,4
1514,aderência,4
1515,loja,4
1516,tao,4
1517,equilibrio,4
1518,medidas,4
1519,positivos,4
1520,área,4
1521,tô,4
1522,garante,4
1523,chega,4
1524,destina,4
1525,causar,4
1526,errada,4
1527,ressalva,4
1528,regulá-lo,4
1529,laptops,4
1530,inclinar,4
1531,podendo,4
1532,adianta,4
1533,impressionado,4
1534,pedir,4
1535,ocorrer,4
1536,ajustada,4
1537,ambas,4
1538,impossibilitando,4
1539,conjunto,4
1540,deve-se,4
1541,positiva,4
1542,limitada,4
1543,cheio,4
1544,parar,4
1545,colar,4
1546,desta,4
1547,pronto,4
1548,voltar,4
1549,melhorado,4
1550,encostava,4
1551,entra,4
1552,lap,4
1553,perco,4
1554,mesas,4
1555,recebido,4
1556,bonitinho,4
1557,sabia,4
1558,duras,4
1559,mancando,4
1560,movimentação,4
1561,digito,4
1562,desnivelados,4
1563,continuo,4
1564,robustez,4
1565,continuar,4
1566,produtividade,4
1567,aparelhos,4
1568,tocam,4
1569,simétricas,4
1570,incomodou,4
1571,optei,4
1572,prefiro,4
1573,fixado,4
1574,tipos,4
1575,procurar,4
1576,lote,4
1577,inteiro,4
1578,destacar,4
1579,tantas,4
1580,cumprindo,4
1581,confiar,4
1582,relatos,4
1583,canal,4
1584,amou,4
1585,desajeitado,4
1586,todavia,4
1587,agilidade,3
1588,articular,3
1589,massa,3
1590,achado,3
1591,procurava,3
1592,grossas,3
1593,evitam,3
1594,unidade,3
1595,interior,3
1596,reduz,3
1597,exelente,3
1598,junção,3
1599,faculdade,3
1600,complicada,3
1601,estiloso,3
1602,usável,3
1603,limpeza,3
1604,bola,3
1605,época,3
1606,ganhar,3
1607,apertada,3
1608,resumo,3
1609,trabalhos,3
1610,adorou,3
1611,quarentena,3
1612,pessima,3
1613,grave,3
1614,manuseá-lo,3
1615,estruturado,3
1616,absurdo,3
1617,passou,3
1618,fornecedor,3
1619,imperceptível,3
1620,equipamentos,3
1621,urgência,3
1622,deixe,3
1623,abrindo,3
1624,arrepender,3
1625,descascando,3
1626,esperar,3
1627,melhorando,3
1628,via,3
1629,ergonômicas,3
1630,montá-lo,3
1631,okay,3
1632,desmontado,3
1633,enviado,3
1634,tido,3
1635,facilitaria,3
1636,primeiramente,3
1637,imagino,3
1638,esperei,3
1639,centavo,3
1640,semelhante,3
1641,considerável,3
1642,inspiron,3
1643,junções,3
1644,doer,3
1645,confiável,3
1646,digita,3
1647,bateria,3
1648,enorme,3
1649,kkk,3
1650,acidente,3
1651,laterais,3
1652,valha,3
1653,largura,3
1654,exige,3
1655,armazenar,3
1656,prumo,3
1657,ganho,3
1658,diário,3
1659,auxiliou,3
1660,nivelada,3
1661,encostado,3
1662,acompanha,3
1663,impresso,3
1664,enviar,3
1665,último,3
1666,informado,3
1667,caixas,3
1668,demorar,3
1669,destes,3
1670,encima,3
1671,metálico,3
1672,inseguro,3
1673,percebe-se,3
1674,acertando,3
1675,ajustou,3
1676,net,3
1677,recomento,3
1678,pasta,3
1679,mostrado,3
1680,produto.o,3
1681,organizar,3
1682,situações,3
1683,empeno,3
1684,quinta,3
1685,alinhadas,3
1686,conformes,3
1687,custo-beneficio,3
1688,arruma,3
1689,correr,3
1690,venho,3
1691,obter,3
1692,conseguindo,3
1693,webcam,3
1694,lombar,3
1695,parei,3
1696,fixava,3
1697,acha,3
1698,possivel,3
1699,angulo,3
1700,valendo,3
1701,surpreso,3
1702,trabalhoso,3
1703,trincado,3
1704,prejudicar,3
1705,colocava,3
1706,usual,3
1707,diria,3
1708,característica,3
1709,devolvendo,3
1710,nitro,3
1711,sob,3
1712,estrela,3
1713,proteger,3
1714,bruta,3
1715,molengo,3
1716,capenga,3
1717,porte,3
1718,paga,3
1719,fatores,3
1720,quieto,3
1721,case,3
1722,disseram,3
1723,versão,3
1724,surpreende,3
1725,travando,3
1726,transparentes,3
1727,domingo,3
1728,terça,3
1729,sentado,3
1730,comporta,3
1731,nota-se,3
1732,custou,3
1733,observação,3
1734,emborrachadas,3
1735,muuuito,3
1736,pacote,3
1737,novas,3
1738,longo,3
1739,traseira,3
1740,desregula,3
1741,estuda,3
1742,mousepad,3
1743,tempinho,3
1744,não,3
1745,transtorno,3
1746,sobrar,3
1747,parcialmente,3
1748,vamos,3
1749,incomodo,3
1750,notes,3
1751,centralizado,3
1752,pol,3
1753,metálica,3
1754,dobradiças,3
1755,conhecia,3
1756,suspensa,3
1757,detestei,3
1758,costuma,3
1759,movimenta,3
1760,absurdamente,3
1761,queira,3
1762,sucesso,3
1763,obriga,3
1764,botar,3
1765,mil,3
1766,teste,3
1767,oq,3
1768,otima,3
1769,compacta,3
1770,irregulares,3
1771,viável,3
1772,teclar,3
1773,regulador,3
1774,distancia,3
1775,máxima,3
1776,atento,3
1777,in,3
1778,bolha,3
1779,ead,3
1780,demonstra,3
1781,posicao,3
1782,simétricos,3
1783,decidi,3
1784,ali,3
1785,estabilização,3
1786,supre,3
1787,lido,3
1788,esteticamente,3
1789,apoiou,3
1790,cabos,3
1791,ereta,3
1792,ampla,3
1793,apresentam,3
1794,produção,3
1795,simple,3
1796,venda,3
1797,viagem,3
1798,pecinhas,3
1799,monta,3
1800,pequenas,3
1801,acostumado,3
1802,bbb,3
1803,inferiores,3
1804,esquisito,3
1805,uniforme,3
1806,tratar,3
1807,escolhido,3
1808,bloco,3
1809,depende,3
1810,superficie,3
1811,lateral,3
1812,adaptei,3
1813,prometeu,3
1814,frequência,3
1815,resolvam,3
1816,saiu,3
1817,precisasse,3
1818,crítica,3
1819,ligeira,3
1820,indicando,3
1821,usam,3
1822,proprio,3
1823,notar,3
1824,dessas,3
1825,fraquinho,3
1826,desniveladas,3
1827,sao,3
1828,corrige,3
1829,acostumei,3
1830,poeira,3
1831,madeira,3
1832,tenta,3
1833,aproveitar,3
1834,impedindo,3
1835,original,3
1836,usuários,3
1837,torne,3
1838,atrás,3
1839,dobrei,3
1840,soltou,3
1841,anuncio,3
1842,home-office,3
1843,volume,3
1844,sensacional,3
1845,durou,3
1846,descascar,3
1847,intuitiva,3
1848,distância,3
1849,bambas,3
1850,fracos,3
1851,papelão,3
1852,envelope,3
1853,opinião,3
1854,comparação,3
1855,intuito,3
1856,buscar,3
1857,nesses,3
1858,avaliado,3
1859,literalmente,3
1860,superficies,3
1861,alinha,3
1862,limitação,3
1863,esquente,3
1864,gostar,3
1865,on-line,3
1866,cheguei,3
1867,afeta,3
1868,ajustáveis,3
1869,manualmente,3
1870,transmite,3
1871,tocar,3
1872,desconforto,3
1873,ás,3
1874,pesquisei,3
1875,descobri,3
1876,dica,3
1877,frequentemente,3
1878,feio,3
1879,inútil,3
1880,ajeitado,3
1881,apoiados,3
1882,encostada,3
1883,perto,3
1884,região,3
1885,contribui,3
1886,insatisfeito,3
1887,apoiada,3
1888,agradou,3
1889,corpo,3
1890,sentindo,3
1891,horizontalmente,3
1892,servir,3
1893,sustentabilidade,3
1894,move,3
1895,significativamente,3
1896,ombros,3
1897,prejuízo,3
1898,conectar,3
1899,puxar,3
1900,funções,3
1901,influencia,3
1902,reviews,3
1903,fechado,3
1904,escolher,3
1905,adquiri,3
1906,patinhas,3
1907,decepcionada,3
1908,razão,3
1909,arriscar,3
1910,atraso,3
1911,tirei,3
1912,respirar,3
1913,estático,3
1914,saúde,3
1915,msm,3
1916,arriscado,3
1917,plástica,3
1918,desigual,3
1919,amando,3
1920,positivas,3
1921,amassar,3
1922,poucas,3
1923,vendo,3
1924,conectores,3
1925,satisfatória,3
1926,atividades,3
1927,mediano,3
1928,mecânico,3
1929,corre,3
1930,similar,3
1931,respeito,3
1932,indicaria,3
1933,gadget,3
1934,quê,2
1935,criado,2
1936,protegem,2
1937,calçados,2
1938,deslizamento,2
1939,alcançar,2
1940,fosca,2
1941,começando,2
1942,poderei,2
1943,roda,2
1944,postural,2
1945,desmontando,2
1946,palavra,2
1947,reunião,2
1948,marcações,2
1949,recomendados,2
1950,comprador,2
1951,vontade,2
1952,deslize,2
1953,procurem,2
1954,ma,2
1955,ofereceu,2
1956,garantindo,2
1957,indica,2
1958,defeituosa,2
1959,estimado,2
1960,cumpra,2
1961,coloque,2
1962,pilha,2
1963,vazado,2
1964,substituir,2
1965,futuramente,2
1966,permaneça,2
1967,excepcional,2
1968,kindle,2
1969,variável,2
1970,pesadas,2
1971,nivela,2
1972,lembrando,2
1973,jato,2
1974,apoiá-lo,2
1975,resolvendo,2
1976,efetuar,2
1977,pós-venda,2
1978,encontro,2
1979,resumindo,2
1980,aumentou,2
1981,escolhida,2
1982,vaio,2
1983,recomendações,2
1984,adendo,2
1985,referente,2
1986,rastreio,2
1987,feira,2
1988,rastreamento,2
1989,entregador,2
1990,ciente,2
1991,atrapalhei,2
1992,ralado,2
1993,leva-lo,2
1994,pretende,2
1995,troco,2
1996,intacto,2
1997,elevou,2
1998,próximos,2
1999,valer,2
2000,vizinha,2
2001,perfeccionistas,2
2002,antiderrapante,2
2003,muito,2
2004,deixando-o,2
2005,assenta,2
2006,retilínea,2
2007,agradeceu,2
2008,estação,2
2009,revestido,2
2010,trambolho,2
2011,cabeças,2
2012,quebraram,2
2013,centro,2
2014,desenvolvido,2
2015,atentar,2
2016,demorando,2
2017,guarda-lo,2
2018,modificar,2
2019,excessiva,2
2020,comentar,2
2021,agonia,2
2022,consome,2
2023,agência,2
2024,desapontado,2
2025,ergométrico,2
2026,estreita,2
2027,virtuais,2
2028,adeus,2
2029,incorreta,2
2030,designe,2
2031,salvo,2
2032,lojas,2
2033,inicial,2
2034,futuros,2
2035,famosa,2
2036,básica,2
2037,preferia,2
2038,fundo,2
2039,descreve,2
2040,ensinando,2
2041,ventilar,2
2042,dificultam,2
2043,logística,2
2044,aguardo,2
2045,altíssima,2
2046,abro,2
2047,completo,2
2048,encomenda,2
2049,excelentes,2
2050,condição,2
2051,embalada,2
2052,cuidados,2
2053,acessórios,2
2054,tampa,2
2055,nela,2
2056,arestas,2
2057,mantêm,2
2058,querer,2
2059,reguláveis,2
2060,pouquíssimo,2
2061,locomover,2
2062,poque,2
2063,informar,2
2064,encontrando,2
2065,ha,2
2066,tornou,2
2067,robusta,2
2068,calços,2
2069,atrapalhar,2
2070,fechamento,2
2071,durinho,2
2072,acerta,2
2073,kg,2
2074,ajustagem,2
2075,semana.o,2
2076,custar,2
2077,saindo,2
2078,corridos,2
2079,irritante,2
2080,buscando,2
2081,produzido,2
2082,abriu,2
2083,adequação,2
2084,libera,2
2085,desarmar,2
2086,atrasou,2
2087,diferenças,2
2088,parto,2
2089,descrições,2
2090,bolsas,2
2091,ficassem,2
2092,ficamos,2
2093,restante,2
2094,empilhando,2
2095,compensou,2
2096,pras,2
2097,desregulado,2
2098,dai,2
2099,duvida,2
2100,série,2
2101,parafusos,2
2102,rotação,2
2103,forca,2
2104,irei,2
2105,desmanchou,2
2106,transportando,2
2107,confere,2
2108,propicia,2
2109,resolva,2
2110,colo,2
2111,entregar,2
2112,desenho,2
2113,devolveria,2
2114,pino,2
2115,emborrachados,2
2116,concorrência,2
2117,promoção,2
2118,observado,2
2119,modelar,2
2120,desalinha,2
2121,estragado,2
2122,mostruário,2
2123,sofre,2
2124,viver,2
2125,funcionam,2
2126,específico,2
2127,cartinha,2
2128,suportaria,2
2129,culpa,2
2130,cede,2
2131,grandinho,2
2132,achei-o,2
2133,desagradou,2
2134,serviço,2
2135,galera,2
2136,prima,2
2137,técnico,2
2138,faça,2
2139,utilizável,2
2140,marcar,2
2141,gamers,2
2142,cansaço,2
2143,atinge,2
2144,atingiu,2
2145,pontual,2
2146,desengonçado,2
2147,nova,2
2148,apostar,2
2149,procura,2
2150,fixou,2
2151,independentemente,2
2152,estipulado,2
2153,presilha,2
2154,fraca,2
2155,avariado,2
2156,vira,2
2157,consumidores,2
2158,informações,2
2159,derrubando,2
2160,causada,2
2161,touchpad,2
2162,pedida,2
2163,instáveis,2
2164,similares,2
2165,passado,2
2166,apresentou,2
2167,mesmos,2
2168,prejudique,2
2169,urgente,2
2170,mencionado,2
2171,título,2
2172,coolers,2
2173,acabaram,2
2174,aquecer,2
2175,honesto,2
2176,molengas,2
2177,três,2
2178,feriado,2
2179,plano,2
2180,virada,2
2181,perde-se,2
2182,funcionado,2
2183,gostamos,2
2184,marido,2
2185,recado,2
2186,sentar,2
2187,folgados,2
2188,curva,2
2189,alumínio,2
2190,achava,2
2191,daqueles,2
2192,rj,2
2193,jogo,2
2194,recomendação,2
2195,pede,2
2196,adaptou,2
2197,toc,2
2198,fornece,2
2199,indicações,2
2200,decoração,2
2201,pesquisa,2
2202,engana,2
2203,ouvir,2
2204,lidar,2
2205,benéfico,2
2206,dobrando,2
2207,separadamente,2
2208,entregou,2
2209,incomode,2
2210,voltando,2
2211,retirei,2
2212,prestar,2
2213,guardá-lo,2
2214,caixinha,2
2215,direção,2
2216,compradores,2
2217,mas,2
2218,capacidade,2
2219,gosta,2
2220,linhas,2
2221,gerais,2
2222,derrube,2
2223,invista,2
2224,querendo,2
2225,solicitar,2
2226,claras,2
2227,completar,2
2228,saídas,2
2229,livres,2
2230,defeitinho,2
2231,dez,2
2232,espaços,2
2233,comprimento,2
2234,puxa,2
2235,passando,2
2236,acompanhado,2
2237,sério,2
2238,burocracia,2
2239,isolado,2
2240,espectativa,2
2241,maquina,2
2242,barata,2
2243,cores,2
2244,breve,2
2245,atendente,2
2246,entendimento,2
2247,provê,2
2248,projetar,2
2249,tarefa,2
2250,arrumado,2
2251,alternativas,2
2252,relataram,2
2253,precisará,2
2254,desvantagem,2
2255,trata-se,2
2256,adesiva,2
2257,indiquei,2
2258,movido,2
2259,ventilador,2
2260,muto,2
2261,desencaixa,2
2262,dizem,2
2263,existem,2
2264,executa,2
2265,vergonha,2
2266,lógico,2
2267,tendeu,2
2268,black,2
2269,friday,2
2270,prata,2
2271,tentado,2
2272,mae,2
2273,escritorio,2
2274,consideravelmente,2
2275,consequente,2
2276,sujo,2
2277,torcido,2
2278,samsung,2
2279,pense,2
2280,nivel,2
2281,parava,2
2282,conectado,2
2283,devo,2
2284,igualmente,2
2285,erguido,2
2286,questões,2
2287,justifica,2
2288,deslizam,2
2289,refrigerado,2
2290,aderente,2
2291,acabamentos,2
2292,perdendo,2
2293,mochilas,2
2294,impeça,2
2295,tombando,2
2296,viu,2
2297,trabalhosa,2
2298,ventilada,2
2299,comprometer,2
2300,receoso,2
2301,econômico,2
2302,brasil,2
2303,emborrachada,2
2304,fixas,2
2305,esquecer,2
2306,diante,2
2307,violada,2
2308,preferi,2
2309,to,2
2310,circular,2
2311,permanecem,2
2312,trabalhinho,2
2313,evidente,2
2314,verificar,2
2315,desalinhados,2
2316,obviamente,2
2317,horizontal,2
2318,conseguem,2
2319,facilitando,2
2320,diminuição,2
2321,colegas,2
2322,somado,2
2323,agenda,2
2324,úteis,2
2325,angulação,2
2326,absolutamente,2
2327,segurou,2
2328,bonder,2
2329,conteúdo,2
2330,inexistente,2
2331,impedir,2
2332,caído,2
2333,inutilizável,2
2334,adequar,2
2335,chamou,2
2336,desiguais,2
2337,chatinha,2
2338,panela,2
2339,infinitamente,2
2340,visando,2
2341,presentear,2
2342,namorado,2
2343,aconselhável,2
2344,piorou,2
2345,usava,2
2346,oferecido,2
2347,ventila,2
2348,desproporcional,2
2349,precisaria,2
2350,fortes,2
2351,dispondo,2
2352,atualmente,2
2353,desgaste,2
2354,benefícios,2
2355,combinar,2
2356,anexo,2
2357,entortando,2
2358,pensava,2
2359,precisou,2
2360,interfira,2
2361,saem,2
2362,folgadas,2
2363,apoiando,2
2364,velocidade,2
2365,propaganda,2
2366,aguentando,2
2367,topo,2
2368,gaveta,2
2369,pes,2
2370,terrível,2
2371,conseguido,2
2372,viesse,2
2373,manejar,2
2374,alguem,2
2375,composto,2
2376,parede,2
2377,aguentou,2
2378,segui,2
2379,pode-se,2
2380,regime,2
2381,barras,2
2382,aluminio,2
2383,esbarrão,2
2384,sinal,2
2385,validade,2
2386,lamentável,2
2387,antiderrapantes,2
2388,dobro,2
2389,fecha,2
2390,variações,2
2391,rigidez,2
2392,baixas,2
2393,desce,2
2394,emperrada,2
2395,cômodo,2
2396,lenovo,2
2397,agradecem,2
2398,haha,2
2399,derruba,2
2400,ergometria,2
2401,contribuindo,2
2402,realizada,2
2403,saco,2
2404,puder,2
2405,consideração,2
2406,caber,2
2407,aspectos,2
2408,presencial,2
2409,mexa,2
2410,movimentando,2
2411,paradinho,2
2412,aproximadamente,2
2413,impedem,2
2414,devem,2
2415,acertou,2
2416,lisas,2
2417,transmitida,2
2418,branca,2
2419,netbook,2
2420,comprá-lo,2
2421,ruins,2
2422,superaquecer,2
2423,ventoinha,2
2424,entregas,2
2425,notável,2
2426,bluetooth,2
2427,retirar,2
2428,mesinha,2
2429,atrapalhasse,2
2430,contas,2
2431,carregá-lo,2
2432,good,2
2433,confio,2
2434,baratos,2
2435,tchau,2
2436,dia-a-dia,2
2437,remover,2
2438,vê,2
2439,durará,2
2440,busque,2
2441,escrevendo,2
2442,violado,2
2443,percebe,2
2444,ocorreu,2
2445,alça,2
2446,envergado,2
2447,passagem,2
2448,irão,2
2449,pulsos,2
2450,tendinite,2
2451,esperada,2
2452,delicado,2
2453,descer,2
2454,execelente,2
2455,metade,2
2456,passo,2
2457,tradicional,2
2458,cumprido,2
2459,avaria,2
2460,particularmente,2
2461,conseguia,2
2462,opcao,2
2463,partir,2
2464,certinha,2
2465,arrependida,2
2466,envergar,2
2467,confusa,2
2468,sutil,2
2469,ajudaria,2
2470,muit,2
2471,deixasse,2
2472,conclusão,2
2473,atente,2
2474,daria,2
2475,sustentam,2
2476,mostrar,2
2477,haver,2
2478,semelhantes,2
2479,pézinhos,2
2480,servido,2
2481,improvisar,2
2482,fator,2
2483,aquece,2
2484,estorno,2
2485,ponta,2
2486,adere,2
2487,giram,2
2488,travam,2
2489,trâmite,2
2490,válido,2
2491,ocorre,2
2492,rs,2
2493,arrisquei,2
2494,amiga,2
2495,diminuir,2
2496,tensões,2
2497,depender,2
2498,maio,2
2499,meia,2
2500,boca,2
2501,agrada,2
2502,par,2
2503,triscar,2
2504,altera,2
2505,finalidades,2
2506,estabilizou,2
2507,hehe,2
2508,impossibilita,2
2509,aste,2
2510,dificilmente,2
2511,nisso,2
2512,mediana,2
2513,entregando,2
2514,vire,2
2515,precisão,2
2516,disponíveis,2
2517,removível,2
2518,piso,2
2519,otimiza,2
2520,detalhes,2
2521,derrapando,2
2522,próximo,2
2523,número,2
2524,abaixar,2
2525,atrapalham,2
2526,correndo,2
2527,ganchos,2
2528,sobretudo,2
2529,digo,2
2530,parou,2
2531,canto,2
2532,aliás,2
2533,distante,2
2534,comprarei,2
2535,perfeitinho,2
2536,excelência,2
2537,ajudasse,2
2538,estranhei,2
2539,ágil,2
2540,conhecendo,2
2541,entendido,2
2542,pesquisar,2
2543,corporal,2
2544,basico,2
2545,correção,2
2546,designer,2
2547,entao,2
2548,primeiras,2
2549,impressões,2
2550,articulação,2
2551,risque,2
2552,adorando,2
2553,margem,2
2554,empenou,2
2555,desajusta,2
2556,adoro,2
2557,entradas,2
2558,quebradas,2
2559,programado,2
2560,garfos,2
2561,cabo,2
2562,cedeu,2
2563,garantia,2
2564,incrivel,2
2565,aguentar,2
2566,esposo,2
2567,sites,2
2568,enviam,2
2569,dedo,2
2570,ne,2
2571,reclamou,2
2572,soltando,2
2573,perdida,2
2574,varas,2
2575,arrumando,2
2576,combinado,2
2577,realização,2
2578,adaptando,2
2579,bastou,2
2580,vive,2
2581,derrubar,2
2582,nn,2
2583,pagamos,2
2584,rss,1
2585,desejado,1
2586,cromado,1
2587,extremidades,1
2588,descolada,1
2589,discreta,1
2590,objetivos,1
2591,tornando-se,1
2592,soltar,1
2593,escrita,1
2594,atentei,1
2595,liso,1
2596,brilhante,1
2597,acompanham,1
2598,arranham,1
2599,bahia,1
2600,dias.o,1
2601,consumidor,1
2602,rachar,1
2603,hahaha,1
2604,personalizáveis,1
2605,crise,1
2606,tempo.a,1
2607,instrumento,1
2608,troncho,1
2609,ex,1
2610,esforce,1
2611,piada,1
2612,voltei,1
2613,utilizados,1
2614,articuláveis,1
2615,repassado,1
2616,movimentá-la,1
2617,beijos,1
2618,poquinho,1
2619,comoda,1
2620,detalhista,1
2621,ferramentas,1
2622,indicaram,1
2623,dizendo,1
2624,interna,1
2625,semi-aberta,1
2626,manuseado,1
2627,absurda,1
2628,mandou,1
2629,descaído,1
2630,entorno,1
2631,amassou,1
2632,dms,1
2633,espetacular,1
2634,probleminhas,1
2635,obrigou,1
2636,preco,1
2637,incrivelmente,1
2638,proporcionou,1
2639,visualizar,1
2640,incorreto,1
2641,ato,1
2642,intenso,1
2643,incômodos,1
2644,punhos,1
2645,pender,1
2646,valesse,1
2647,compensava,1
2648,colocá-lo,1
2649,esquentava,1
2650,obrigava,1
2651,salvação,1
2652,lavoura,1
2653,vim,1
2654,aderem,1
2655,desktop,1
2656,refazendo,1
2657,atrapalhando,1
2658,durex,1
2659,arranhado,1
2660,chegasse,1
2661,sugere,1
2662,milhão,1
2663,seguir,1
2664,campo,1
2665,quarta,1
2666,chegaria,1
2667,terça-feira,1
2668,paciente,1
2669,persistente,1
2670,real,1
2671,atualização,1
2672,ficarmos,1
2673,programar,1
2674,recebimento,1
2675,acabada,1
2676,moto,1
2677,asfalto,1
2678,ralada,1
2679,escondida,1
2680,belo,1
2681,ergue,1
2682,ereto,1
2683,nāo,1
2684,trocaria,1
2685,grosseiros,1
2686,lap-top,1
2687,envolvida,1
2688,conhece,1
2689,maravilhosos,1
2690,marcação,1
2691,visao,1
2692,inox,1
2693,acidentalmente,1
2694,aguardar,1
2695,ceder,1
2696,contornável,1
2697,estacionou,1
2698,encaminhado,1
2699,bendita,1
2700,grossura,1
2701,escorregões,1
2702,agendado,1
2703,cujo,1
2704,danificação,1
2705,precoce,1
2706,tecla,1
2707,liga,1
2708,desliga,1
2709,mantendo,1
2710,avalie,1
2711,confortavelmente,1
2712,acostumando,1
2713,leituras,1
2714,estudam,1
2715,minima,1
2716,relativa,1
2717,arejado,1
2718,ativa,1
2719,fan,1
2720,planilhas,1
2721,independentes,1
2722,paulo,1
2723,combina,1
2724,aparentou,1
2725,começavam,1
2726,exausto,1
2727,ventoinhas,1
2728,trabalham,1
2729,utilizam,1
2730,espessura,1
2731,cobrando,1
2732,cervicais,1
2733,tremenda,1
2734,causará,1
2735,avaliem,1
2736,apontando,1
2737,rentes,1
2738,beeeem,1
2739,portas,1
2740,passam,1
2741,esqueça,1
2742,fitas,1
2743,adesivas,1
2744,consguir,1
2745,possição,1
2746,chegando,1
2747,extensa,1
2748,galvanizado,1
2749,manda,1
2750,agências,1
2751,franqueadas,1
2752,economizou,1
2753,permanecerá,1
2754,saberemos,1
2755,impacte,1
2756,lembro,1
2757,longos,1
2758,períodos,1
2759,captação,1
2760,favorável,1
2761,prendendo,1
2762,quado,1
2763,conseguirem,1
2764,físicas,1
2765,operacionalizar,1
2766,deslizes,1
2767,conector,1
2768,padronização,1
2769,recebo,1
2770,fraquíssimo,1
2771,segurado,1
2772,achem,1
2773,visualizarmos,1
2774,medi,1
2775,aquisições,1
2776,necessida,1
2777,arrojado,1
2778,consertá-lo,1
2779,testado,1
2780,superbem,1
2781,prezados,1
2782,enrijecidas,1
2783,equivale,1
2784,expedição,1
2785,checado,1
2786,instrução,1
2787,curta,1
2788,seio,1
2789,portável,1
2790,direta,1
2791,recolhido,1
2792,baixinho,1
2793,superiores,1
2794,merece,1
2795,recomendei,1
2796,utilizarem,1
2797,pague,1
2798,lcd,1
2799,encontramos,1
2800,portou-se,1
2801,todo.o,1
2802,impõe,1
2803,pensado,1
2804,interação,1
2805,abaixasse,1
2806,mm,1
2807,significativo,1
2808,mousse,1
2809,devidos,1
2810,agradecida,1
2811,amplitude,1
2812,permitiria,1
2813,baixos,1
2814,no,1
2815,particular,1
2816,mantivessem,1
2817,amônia,1
2818,confiante,1
2819,firmando,1
2820,enganei,1
2821,animado,1
2822,ignorei,1
2823,desfazer,1
2824,tentarei,1
2825,aquecendo,1
2826,intacta,1
2827,desembalar,1
2828,reparei,1
2829,partiu,1
2830,descuidado,1
2831,avaliei,1
2832,injusto,1
2833,tranquila,1
2834,reenviar,1
2835,relato,1
2836,mes,1
2837,justos,1
2838,motivou,1
2839,comparar,1
2840,encontra,1
2841,proporcionando,1
2842,monitores,1
2843,ressalvas,1
2844,comprimentos,1
2845,recebe-lo,1
2846,duvidosas,1
2847,saberei,1
2848,demonstração,1
2849,agr,1
2850,escolhendo,1
2851,desproporções,1
2852,exageradas,1
2853,empacotado,1
2854,transportável,1
2855,entortado,1
2856,tops,1
2857,registrou,1
2858,descritivo,1
2859,desfavorável,1
2860,disposto,1
2861,espelha,1
2862,apontado,1
2863,duráveis,1
2864,utilizou,1
2865,combinações,1
2866,substituição,1
2867,afirmar,1
2868,notavelmente,1
2869,coopera,1
2870,rendendo,1
2871,saíram,1
2872,segunda-feira,1
2873,corrigiria,1
2874,trocá-lo,1
2875,pesadão,1
2876,possuí,1
2877,der,1
2878,caí,1
2879,guardado,1
2880,sofrer,1
2881,adiante,1
2882,assustei,1
2883,transmissões,1
2884,apertado,1
2885,oferecer,1
2886,agosto,1
2887,luis,1
2888,virou,1
2889,fabrica,1
2890,resolvesse,1
2891,decepcionados,1
2892,animados,1
2893,escancarados,1
2894,haviam,1
2895,devolvidos,1
2896,elevasse,1
2897,conseguisse,1
2898,comportou,1
2899,resenhas,1
2900,greve,1
2901,atencioso,1
2902,respondeu,1
2903,imediatamente,1
2904,questionamentos,1
2905,proteções,1
2906,mediante,1
2907,duvidas,1
2908,maiorzinho,1
2909,rotaciona,1
2910,atalhos,1
2911,programa,1
2912,seguida,1
2913,irmã,1
2914,diferencial,1
2915,ausência,1
2916,eliminar,1
2917,necessario,1
2918,incomodava,1
2919,simétrica,1
2920,encostando,1
2921,cedo,1
2922,aplicado,1
2923,maximo,1
2924,nda,1
2925,ruizinho,1
2926,responde,1
2927,relaxada,1
2928,determinada,1
2929,manaus,1
2930,anunciados,1
2931,externa,1
2932,recorrer,1
2933,luta,1
2934,contatos,1
2935,continuará,1
2936,caseiras,1
2937,tranquilos,1
2938,anteriormente,1
2939,minuto,1
2940,raspado,1
2941,erguer,1
2942,aperfeiçoem,1
2943,próxima,1
2944,escorregam,1
2945,portal,1
2946,proceder,1
2947,confirmarmos,1
2948,limpa,1
2949,latitude,1
2950,manutenção,1
2951,òtimo,1
2952,customização,1
2953,niveis,1
2954,especificos,1
2955,presas,1
2956,estabilizadoras,1
2957,entrei,1
2958,retorna,1
2959,quebre,1
2960,assentou,1
2961,pedem,1
2962,hub,1
2963,grosseiro,1
2964,apoiava,1
2965,técnicas,1
2966,estaria,1
2967,contento,1
2968,difício,1
2969,equilibrada,1
2970,gaming,1
2971,fuleiro,1
2972,assessório,1
2973,colocou,1
2974,escrevi,1
2975,pai,1
2976,colocam,1
2977,selinho,1
2978,tentavas,1
2979,desmontável,1
2980,arrasto,1
2981,as,1
2982,aderidas,1
2983,produtivo,1
2984,trazendo,1
2985,conceito,1
2986,maldita,1
2987,estatal,1
2988,buscam,1
2989,acompanhar,1
2990,trabalhado,1
2991,dificultava,1
2992,quão,1
2993,arrumada,1
2994,causadas,1
2995,regiões,1
2996,multiuso,1
2997,despedaçada,1
2998,agrade,1
2999,fortaleza,1
3000,ce,1
3001,demandando,1
3002,anular,1
3003,carrega,1
3004,máscara,1
3005,favor,1
3006,cobrar,1
3007,responsável,1
3008,altíssimo,1
3009,recurso,1
3010,fixadas,1
3011,mexidinha,1
3012,estreito,1
3013,planejado,1
3014,amortecer,1
3015,torcicolo,1
3016,levinho,1
3017,combo,1
3018,chego,1
3019,enviei,1
3020,confirmação,1
3021,extensivel,1
3022,gasta,1
3023,aumento,1
3024,baita,1
3025,trincão,1
3026,adesivo,1
3027,marcado,1
3028,neh,1
3029,poluído,1
3030,sufoco,1
3031,retorcer,1
3032,quais,1
3033,destacam,1
3034,instalei,1
3035,aproveitado,1
3036,duvidosa,1
3037,apertadinho,1
3038,ordem,1
3039,maximizar,1
3040,durem,1
3041,romperem,1
3042,cadernos,1
3043,fofo,1
3044,decorativo,1
3045,questionável,1
3046,seguidas,1
3047,nesta,1
3048,padronizados,1
3049,adquire,1
3050,pesadinho,1
3051,dificultada,1
3052,enfrente,1
3053,exigentes,1
3054,escrever,1
3055,jamais,1
3056,quebram,1
3057,companheiro,1
3058,monstro,1
3059,tentativa,1
3060,dobraram,1
3061,limite,1
3062,aguentaria,1
3063,mementos,1
3064,equilibro,1
3065,dobrados,1
3066,escorregamento,1
3067,constante,1
3068,estiquei,1
3069,puxei,1
3070,através,1
3071,rsrs,1
3072,estabilizá-los,1
3073,colcoar,1
3074,acidentes,1
3075,barulho,1
3076,domar,1
3077,condizente,1
3078,verá,1
3079,pernão,1
3080,desvaloriza,1
3081,avisando,1
3082,oi,1
3083,resfriar,1
3084,aplica,1
3085,dever,1
3086,condizem,1
3087,nivele,1
3088,aprendizagem,1
3089,aplicações,1
3090,limitadas,1
3091,smartphone,1
3092,possuía,1
3093,ferramenta,1
3094,perguntava,1
3095,debruçar,1
3096,folheto,1
3097,mostrando,1
3098,trablho,1
3099,una,1
3100,retas,1
3101,marque,1
3102,calcule,1
3103,monstruoso,1
3104,noiva,1
3105,prometer,1
3106,riscou,1
3107,sentada,1
3108,necessitava,1
3109,vária,1
3110,manipulado,1
3111,fisioterapeuta,1
3112,dese,1
3113,caramba,1
3114,teso,1
3115,desregulagem,1
3116,arquitetura,1
3117,descascado,1
3118,autoexplicativo,1
3119,designers,1
3120,pensam,1
3121,detalhada,1
3122,tendem,1
3123,dispensa,1
3124,rudimentar,1
3125,exigências,1
3126,ventilado,1
3127,esbarra,1
3128,objetos,1
3129,empurrando,1
3130,curvilínea,1
3131,up,1
3132,agoraa,1
3133,considerada,1
3134,nu,1
3135,loco,1
3136,impacto,1
3137,tbem,1
3138,danificando,1
3139,entrar,1
3140,quebrados,1
3141,expetativas,1
3142,salvando,1
3143,graus,1
3144,determinado,1
3145,vazio,1
3146,satisfatoriamente,1
3147,nadaé,1
3148,demoraria,1
3149,fala,1
3150,cabide,1
3151,agradecer,1
3152,desgastada,1
3153,apresentava,1
3154,desequilíbrio,1
3155,iiga,1
3156,coloca-se,1
3157,estabelecendo,1
3158,afete,1
3159,ajeitei,1
3160,espera-se,1
3161,posicionei,1
3162,encaixei,1
3163,mdf,1
3164,testarei,1
3165,preocupada,1
3166,diziam,1
3167,imaginam,1
3168,netbooks,1
3169,bicho,1
3170,sete,1
3171,acrescentar,1
3172,falavam,1
3173,conseguiram,1
3174,complicar,1
3175,media,1
3176,idênticos,1
3177,franco,1
3178,desconfiada,1
3179,escola,1
3180,deformado,1
3181,mesmas,1
3182,pendido,1
3183,gamas,1
3184,teclados,1
3185,resultando,1
3186,aparêcia,1
3187,destaque,1
3188,ereção,1
3189,líquido,1
3190,molhar,1
3191,rebarba,1
3192,eixos,1
3193,rotações,1
3194,sacanagem,1
3195,chinesa,1
3196,construir,1
3197,cobrará,1
3198,nó,1
3199,oferta,1
3200,gastos,1
3201,desequilibrasse,1
3202,caísse,1
3203,ajeitadinha,1
3204,economizar,1
3205,feitos,1
3206,desalinham,1
3207,implicando,1
3208,reguladas,1
3209,propiciar,1
3210,previne,1
3211,inúteis,1
3212,segurá-lo,1
3213,endireitá-lo,1
3214,vertebral,1
3215,garantem,1
3216,daquela,1
3217,dói,1
3218,famoso,1
3219,elogios,1
3220,proporções,1
3221,deixam,1
3222,elevações,1
3223,chegada,1
3224,desequilibrado,1
3225,voltou,1
3226,feia,1
3227,torna-se,1
3228,reduzido,1
3229,alocação,1
3230,custei,1
3231,sore,1
3232,variados,1
3233,ergonómico,1
3234,frustrado,1
3235,calçar,1
3236,articulada,1
3237,oxe,1
3238,novos,1
3239,finos,1
3240,correspondente,1
3241,antecipou-se,1
3242,vip,1
3243,bater,1
3244,entendo,1
3245,falaria,1
3246,atenta,1
3247,revezando,1
3248,sugestões,1
3249,dano,1
3250,improvisando,1
3251,retilíneo,1
3252,vesgo,1
3253,oftalmologista,1
3254,arrependimento,1
3255,sulfite,1
3256,mediocre,1
3257,consiste,1
3258,arrastar,1
3259,evidentemente,1
3260,probleminha,1
3261,óleo,1
3262,coco,1
3263,residente,1
3264,engano,1
3265,tranquilidade,1
3266,tombada,1
3267,recomendo-o,1
3268,atenderiam,1
3269,teclando,1
3270,más,1
3271,salgado,1
3272,sanadas,1
3273,ressalvo,1
3274,adicionais,1
3275,balancear,1
3276,freio,1
3277,saudações,1
3278,agua,1
3279,escorregadia,1
3280,desloca,1
3281,interface,1
3282,charmoso,1
3283,guardada,1
3284,cx,1
3285,registrei,1
3286,pediu,1
3287,desculpas,1
3288,falhas,1
3289,significativa,1
3290,família,1
3291,perdido,1
3292,analisar,1
3293,luva,1
3294,necessite,1
3295,explicar,1
3296,resolvível,1
3297,instante,1
3298,fuçando,1
3299,aguentava,1
3300,integra,1
3301,comentam,1
3302,estando,1
3303,dissipar,1
3304,inconveniente,1
3305,prendedor,1
3306,transparente,1
3307,acusando,1
3308,alterou,1
3309,facilite,1
3310,visível,1
3311,adquirindo,1
3312,tl,1
3313,chegado,1
3314,danificada,1
3315,descolado,1
3316,impecável,1
3317,hábil,1
3318,explicitado,1
3319,acertá-lo,1
3320,verificando,1
3321,erra,1
3322,manejo,1
3323,apanhei,1
3324,expediente,1
3325,posiçao,1
3326,habilidade,1
3327,gratificante,1
3328,críticas,1
3329,compensei,1
3330,arrastando,1
3331,alivia,1
3332,importantíssimo,1
3333,encantou,1
3334,divulgador,1
3335,antiga,1
3336,volumosa,1
3337,tiro,1
3338,endireitada,1
3339,morando,1
3340,aparece,1
3341,estabelecer,1
3342,decente,1
3343,casos,1
3344,cotovelo,1
3345,aprovo,1
3346,machucar,1
3347,derrubou,1
3348,admitir,1
3349,trazem,1
3350,contente,1
3351,curtir,1
3352,tocarmos,1
3353,retiro,1
3354,torção,1
3355,pobre,1
3356,alem,1
3357,sirva,1
3358,considerar,1
3359,pára,1
3360,desproporcionais,1
3361,manuseando,1
3362,preserva,1
3363,obtive,1
3364,certifique-se,1
3365,verifique,1
3366,erros,1
3367,proporção,1
3368,lateralmente,1
3369,complicações,1
3370,pende,1
3371,reservar,1
3372,comprometeu,1
3373,mantivesse,1
3374,sobrou,1
3375,fabricados,1
3376,set-up,1
3377,adequados,1
3378,remove,1
3379,fixações,1
3380,efetivo,1
3381,indo,1
3382,apelo,1
3383,sutíl,1
3384,suplício,1
3385,porco,1
3386,tutorial,1
3387,ajude,1
3388,teme,1
3389,estabilizada,1
3390,comentarios,1
3391,apoiam,1
3392,cima/baixo,1
3393,propoe,1
3394,guardas,1
3395,afrouxando,1
3396,grande.a,1
3397,sofri,1
3398,deixá-las,1
3399,noção,1
3400,vibrações,1
3401,mau,1
3402,pleno,1
3403,desafio,1
3404,aquém,1
3405,retirando,1
3406,custos,1
3407,imensamente,1
3408,evito,1
3409,condução,1
3410,ultrafino,1
3411,acumula,1
3412,desmontei,1
3413,especial,1
3414,wifi,1
3415,luxo,1
3416,cal,1
3417,equiparassem,1
3418,caminhadas,1
3419,cafés,1
3420,frenética,1
3421,remotas,1
3422,repensar,1
3423,agregada,1
3424,angulações,1
3425,dispensando,1
3426,ventiladores,1
3427,conheço,1
3428,pergaminho,1
3429,druida,1
3430,escrito,1
3431,língua,1
3432,verdadeira,1
3433,enganação,1
3434,costumavam,1
3435,atuais,1
3436,colchão,1
3437,manteve,1
3438,trinca,1
3439,ligação,1
3440,influencie,1
3441,conhecesse,1
3442,apresentacao,1
3443,motivos,1
3444,desmancha,1
3445,olhamos,1
3446,estruturas,1
3447,identico,1
3448,idênticas,1
3449,translado,1
3450,dureza,1
3451,relatados,1
3452,fuçada,1
3453,aplicar,1
3454,agarrando,1
3455,previsível,1
3456,investiria,1
3457,desaprumado,1
3458,encaixada,1
3459,montada,1
3460,aparentam,1
3461,vendê-lo,1
3462,queimar,1
3463,nome,1
3464,abraço,1
3465,intervalo,1
3466,errar,1
3467,abrupta,1
3468,fast,1
3469,enviou-me,1
3470,climatizador,1
3471,vejam,1
3472,pedidos,1
3473,arrasta,1
3474,desbalanceamento,1
3475,equilibrados,1
3476,paralelos,1
3477,aparato,1
3478,considerado,1
3479,relamente,1
3480,necessito,1
3481,queixava,1
3482,nuca,1
3483,relata,1
3484,acreditamos,1
3485,estragasse,1
3486,dobraduras,1
3487,reduzir,1
3488,inclinando,1
3489,prancheta,1
3490,desenhos,1
3491,solucionou,1
3492,tocado,1
3493,doendo,1
3494,ansiosamente,1
3495,encostavam,1
3496,garras,1
3497,inutiliza,1
3498,fizemos,1
3499,procedimento,1
3500,chegava,1
3501,exigindo,1
3502,flexão,1
3503,liberando,1
3504,corretos,1
3505,essenciais,1
3506,burro,1
3507,certin,1
3508,mei,1
3509,falho,1
3510,restrita,1
3511,efetivamente,1
3512,papéis,1
3513,ocupação,1
3514,vinte,1
3515,varejo,1
3516,atua,1
3517,ativo,1
3518,bordo,1
3519,aeronaves,1
3520,reagirão,1
3521,responsáveis,1
3522,prejudicam,1
3523,requerem,1
3524,antecipado,1
3525,acondicionada,1
3526,contidos,1
3527,impermeável,1
3528,n/a,1
3529,riscos,1
3530,feltros,1
3531,conexão,1
3532,aceitam,1
3533,movimentos,1
3534,investimentos,1
3535,montade,1
3536,isométrico,1
3537,vide,1
3538,missão,1
3539,briga,1
3540,angulos,1
3541,aberturas,1
3542,periféricos,1
3543,ligeiro,1
3544,fou,1
3545,establidade,1
3546,enviassem,1
3547,bernard,1
3548,pecou,1
3549,jogados,1
3550,desencaixada,1
3551,empenadas,1
3552,finas,1
3553,facílimo,1
3554,devia,1
3555,guia,1
3556,verticais,1
3557,marcando,1
3558,superação,1
3559,alinha-lo,1
3560,disponibilidade,1
3561,pó,1
3562,disforme,1
3563,jogando,1
3564,próposito,1
3565,empurrar,1
3566,apreensivo,1
3567,foge,1
3568,avaliaram,1
3569,individual,1
3570,dificílimo,1
3571,posicione,1
3572,oposto,1
3573,instalado,1
3574,carecem,1
3575,decorre,1
3576,descomunal,1
3577,parelho,1
3578,refinada,1
3579,molengão,1
3580,desajeitada,1
3581,empecilho,1
3582,usos,1
3583,prêmio,1
3584,bemmm,1
3585,altamente,1
3586,postaram,1
3587,prejudicou,1
3588,oferecidos,1
3589,suspender,1
3590,sala,1
3591,moldou,1
3592,arame,1
3593,provisoriamente,1
3594,geringonça,1
3595,entregam,1
3596,critérios,1
3597,fluir,1
3598,processador,1
3599,criadas,1
3600,poréns,1
3601,deus,1
3602,tiram,1
3603,potencial,1
3604,amarra,1
3605,serie,1
3606,alterações,1
3607,feita.a,1
3608,une,1
3609,confirmo,1
3610,inúmeras,1
3611,configurações,1
3612,solicitarei,1
3613,ates,1
3614,giraram,1
3615,folhetinho,1
3616,provocou,1
3617,pareando,1
3618,tom,1
3619,passaram,1
3620,atinja,1
3621,observei,1
3622,leigo,1
3623,reforçar,1
3624,fichários,1
3625,vazios,1
3626,graças,1
3627,molas,1
3628,nto,1
3629,parando,1
3630,seriu,1
3631,mantenha,1
3632,decepcionar,1
3633,desempenhando,1
3634,irritação,1
3635,passional,1
3636,imaginado,1
3637,ideapad,1
3638,textura,1
3639,grossa,1
3640,tornando-o,1
3641,quedas,1
3642,manaus-am,1
3643,variar,1
3644,estados,1
3645,finalizar,1
3646,índico,1
3647,extender,1
3648,emenda,1
3649,corretas,1
3650,possuir,1
3651,implica,1
3652,abafado,1
3653,artifício,1
3654,comentando,1
3655,resenha,1
3656,belezura,1
3657,relacionando,1
3658,rentável,1
3659,comparada,1
3660,estado.o,1
3661,costumam,1
3662,desregular,1
3663,levanta,1
3664,enlouquecer,1
3665,investimento.a,1
3666,nice,1
3667,equilibra,1
3668,caida,1
3669,ambientes,1
3670,esquece,1
3671,morro,1
3672,meios,1
3673,fazê-lo,1
3674,destaques,1
3675,cuidar,1
3676,imperfeita,1
3677,besteira,1
3678,regula-se,1
3679,apertar,1
3680,forçasse,1
3681,balançava,1
3682,arriar,1
3683,cá,1
3684,destacaram,1
3685,centralizar,1
3686,milagre,1
3687,óbvio,1
3688,estudando,1
3689,conviver,1
3690,caminho,1
3691,apertos,1
3692,concorrentes,1
3693,alcançável,1
3694,banda,1
3695,reação,1
3696,desespero,1
3697,analisada,1
3698,souber,1
3699,estabilizam,1
3700,ficavam,1
3701,arranhe,1
3702,treme,1
3703,celulares,1
3704,frustante,1
3705,trocando,1
3706,acertava,1
3707,desmontamos,1
3708,minimizar,1
3709,imóvel,1
3710,movê-lo,1
3711,passava,1
3712,concluindo,1
3713,acoplar,1
3714,bom.o,1
3715,regulados,1
3716,alinhando,1
3717,conferências,1
3718,indignada,1
3719,restritos,1
3720,charme,1
3721,favorecer,1
3722,rum,1
3723,afins,1
3724,escorregou,1
3725,rotativas,1
3726,cumprirem,1
3727,filmes,1
3728,aprendendo,1
3729,suave,1
3730,sentia,1
3731,longas,1
3732,flexionada,1
3733,exy,1
3734,arejada,1
3735,desapareceram,1
3736,encosto,1
3737,gira,1
3738,desequilibrando,1
3739,aliada,1
3740,incomodamente,1
3741,naõ,1
3742,pagaria,1
3743,misericórdia,1
3744,chamativo,1
3745,perca,1
3746,furada,1
3747,curtindo,1
3748,aderentes,1
3749,originais,1
3750,reis,1
3751,descascou,1
3752,all,1
3753,one,1
3754,tablete,1
3755,investindo,1
3756,vele,1
3757,tato,1
3758,alegria,1
3759,obstruia,1
3760,estável.a,1
3761,politica,1
3762,elevando,1
3763,coloca-lo,1
3764,segredo,1
3765,aproxima,1
3766,distanciamento,1
3767,associado,1
3768,aperto,1
3769,seguinte,1
3770,perdia,1
3771,acabo,1
3772,quiserem,1
3773,mode,1
3774,rearranjar,1
3775,concentração,1
3776,pregador,1
3777,solicitado,1
3778,prontamente,1
3779,autorizou,1
3780,ido,1
3781,adaptativo,1
3782,fará,1
3783,avaliaçâo,1
3784,seu,1
3785,pensas,1
3786,sumiram,1
3787,falaram,1
3788,forçada,1
3789,vara,1
3790,bananeira,1
3791,meh,1
3792,metálicas,1
3793,alinhava,1
3794,enxerga,1
3795,carinho,1
3796,papelaria,1
3797,decepcione,1
3798,considerei,1
3799,fundamentais,1
3800,indicada,1
3801,trambolhos,1
3802,confeccionado,1
3803,componentes,1
3804,robustos,1
3805,apareceram,1
3806,ferrugem,1
3807,permanecia,1
3808,curvatura,1
3809,interessado,1
3810,concertar,1
3811,nivelamentos,1
3812,avalição,1
3813,impossibilite,1
3814,acomodado,1
3815,atributo,1
3816,flexíveis,1
3817,causado,1
3818,beeem,1
3819,uma,1
3820,resistencia,1
3821,funcionário,1
3822,colete,1
3823,facilitam,1
3824,assentamento,1
3825,discrepância,1
3826,inflado,1
3827,fama,1
3828,insiro,1
3829,francamente,1
3830,raramente,1
3831,estressa,1
3832,definitivo,1
3833,trackpad,1
3834,estendido,1
3835,frequencia,1
3836,garrinhas,1
3837,movem,1
3838,lavre,1
3839,rompido,1
3840,desconfortavel,1
3841,retorcido,1
3842,tendesse,1
3843,corrigi,1
3844,quadrado,1
3845,importe,1
3846,propôs,1
3847,torcendo,1
3848,levantou,1
3849,mo,1
3850,guarda,1
3851,locomoção,1
3852,verticalmente,1
3853,obrigada,1
3854,registrar,1
3855,recorde,1
3856,tarde,1
3857,concordo,1
3858,mero,1
3859,maos,1
3860,versatilidade,1
3861,moldar,1
3862,selo,1
3863,tristeza,1
3864,alinham,1
3865,slim,1
3866,desconfiança,1
3867,aparelhinho,1
3868,elástico,1
3869,mass,1
3870,dum,1
3871,residência,1
3872,regulada,1
3873,aff,1
3874,idealmente,1
3875,daquelas,1
3876,ressecam,1
3877,quebradiças,1
3878,equilibrá-lo,1
3879,aunciado,1
3880,pondo,1
3881,criar,1
3882,futuro,1
3883,perceptível,1
3884,ergonômicos,1
3885,ganha,1
3886,keyboard,1
3887,importantes,1
3888,botei,1
3889,curvada,1
3890,inha,1
3891,desempenha,1
3892,pesssoa,1
3893,desdobrava,1
3894,barrinhas,1
3895,essencialmente,1
3896,imprevisto,1
3897,aparentado,1
3898,torcer,1
3899,mante,1
3900,ló,1
3901,posteriormente,1
3902,relatam,1
3903,tratava,1
3904,amenizar,1
3905,desvio,1
3906,prédio,1
3907,santos,1
3908,rever,1
3909,solicitando,1
3910,melhoraram,1
3911,otimizado,1
3912,lindinho,1
3913,forcinha,1
3914,voltaria,1
3915,explicado,1
3916,arranhou,1
3917,moldando,1
3918,lógica,1
3919,daí,1
3920,google,1
3921,relacionado,1
3922,podemos,1
3923,posto,1
3924,virado,1
3925,ocasionando,1
3926,levei,1
3927,sólida,1
3928,pré,1
3929,definidos,1
3930,segurava,1
3931,desloque,1
3932,arredonda,1
3933,irmão,1
3934,edição,1
3935,ineficiente,1
3936,despachei,1
3937,olhado,1
3938,elaborados,1
3939,fixam,1
3940,equipado,1
3941,cem,1
3942,cento,1
3943,calma,1
3944,levo,1
3945,estavelmente,1
3946,aparentar,1
3947,conhecimento,1
3948,demonstrando,1
3949,comuns,1
3950,assiste,1
3951,famosas,1
3952,la,1
3953,aconselharia,1
3954,digamos,1
3955,satisfação,1
3956,cambaleando,1
3957,aplicando,1
3958,encalço,1
3959,quente,1
3960,elogiar,1
3961,mexida,1
3962,adaptação,1
3963,justifique,1
3964,sustentado,1
3965,amassadinho,1
3966,bagunçado,1
3967,ft,1
3968,íntegros,1
3969,pressionando,1
3970,lugar.o,1
3971,cinco,1
3972,tomara,1
3973,consiga,1
3974,deitados,1
3975,invertido,1
3976,contínuo,1
3977,detalhadas,1
3978,cotovelos,1
3979,sja,1
3980,fecham,1
3981,criativo,1
3982,made,1
3983,brazil,1
3984,permitem,1
3985,lacrada,1
3986,trata,1
3987,loteria,1
3988,movimentarem,1
3989,presenteado,1
3990,promover,1
3991,user,1
3992,friendly,1
3993,confiei,1
3994,astra,1
3995,seco,1
3996,auxílio,1
3997,dicas,1
3998,extrema,1
3999,inventar,1
4000,nb,1
4001,recebeu,1
4002,atualizou,1
4003,liberar,1
4004,ajusto,1
4005,malabarismo,1
4006,permitir,1
4007,sopro,1
4008,soltinho,1
4009,acertamos,1
4010,escondidas,1
4011,localizadas,1
4012,danifica,1
4013,graduar,1
4014,polui,1
4015,barra,1
4016,pulos,1
4017,ajustá-la,1
4018,queiram,1
4019,demorado,1
4020,auto,1
4021,mostram,1
4022,deitado,1
4023,danifique,1
4024,contanto,1
4025,qur,1
4026,encaixando,1
4027,maleta,1
4028,interferindo,1
4029,especificamente,1
4030,molda,1
4031,dança,1
4032,compenso,1
4033,amor,1
4034,ódio,1
4035,sigo,1
4036,muuito,1
4037,sinta,1
4038,anunciada,1
4039,empresas,1
4040,tornar,1
4041,complexo,1
4042,sustentou,1
4043,diferenciado,1
4044,prendê-lo,1
4045,apresente,1
4046,deixá-los,1
4047,ficado,1
4048,sanado,1
4049,precisam,1
4050,alinhamentos,1
4051,acontecesse,1
4052,atrativo,1
4053,normais,1
4054,antideslizantes,1
4055,alinhe,1
4056,medir,1
4057,aguardando,1
4058,comun,1
4059,desconjuntado,1
4060,afastar,1
4061,humildade,1
4062,feitinho,1
4063,exerce,1
4064,paleta,1
4065,estilo,1
4066,ultrabook,1
4067,fina,1
4068,termina,1
4069,regina,1
4070,vieira,1
4071,machucam,1
4072,possivéis,1
4073,igualado,1
4074,frase,1
4075,descrever,1
4076,vivia,1
4077,hrs,1
4078,sabado,1
4079,casual,1
4080,protege,1
4081,juda,1
4082,tremendo,1
4083,esbarrões,1
4084,mexidas,1
4085,emperrado,1
4086,nivelados,1
4087,poderá,1
4088,enfraquecer,1
4089,froxo,1
4090,adaptadores,1
4091,estragou,1
4092,manoplas,1
4093,muuuuuuito,1
4094,comprometido,1
4095,dificudades,1
4096,reflete,1
4097,rachou,1
4098,possibilitar,1
4099,pequno,1
4100,escapar,1
4101,paralelas,1
4102,incomodasse,1
4103,desmontagem,1
4104,encostem,1
4105,abaixa,1
4106,batida,1
4107,defeituoso,1
4108,excessão,1
4109,estabilizá-lo,1
4110,medindo,1
4111,convencional,1
4112,desequilibrar,1
4113,preocupação,1
4114,escolhamos,1
4115,inteligente,1
4116,viajar,1
4117,resume,1
4118,classifico,1
4119,rebarbas,1
4120,serviços,1
4121,prestados,1
4122,consistente,1
4123,machuca,1
4124,parecidos,1
4125,costumas,1
4126,alteração,1
4127,emite,1
4128,envolta,1
4129,preocupado,1
4130,pôr,1
4131,pecinha,1
4132,recente,1
4133,remoto,1
4134,respectivas,1
4135,olhei,1
4136,explicando,1
4137,adiantou,1
4138,essência,1
4139,extamente,1
4140,constata,1
4141,observar,1
4142,desconsiderando,1
4143,fornecidas,1
4144,dobragem,1
4145,salientar,1
4146,afetam,1
4147,precário,1
4148,diferenca,1
4149,voltado,1
4150,rica,1
4151,teclas,1
4152,cansativo,1
4153,atraente,1
4154,impressionada,1
4155,encostados,1
4156,paraíba,1
4157,preços,1
4158,se,1
4159,percebido,1
4160,encontrava,1
4161,prováveis,1
4162,torcia,1
4163,alcança,1
4164,encaixava,1
4165,reliza,1
4166,oscila,1
4167,respeitar,1
4168,chegue,1
4169,arma,1
4170,desarma,1
4171,acerca,1
4172,impediam,1
4173,fornecendo,1
4174,ee,1
4175,chateada,1
4176,eventualmente,1
4177,necessitando,1
4178,mexi,1
4179,encontrará,1
4180,rebaixá-lo,1
4181,atendo,1
4182,segundos,1
4183,montou,1
4184,colocamos,1
4185,dobráveis,1
4186,fisicas,1
4187,decepcionante,1
4188,realizadas,1
4189,aumentando,1
4190,diminuindo,1
4191,tolerâncias,1
4192,ideial,1
4193,pôde-se,1
4194,embrulho,1
4195,desajustado,1
4196,completa,1
4197,apoiadas,1
4198,habilidades,1
4199,viajante,1
4200,montá-las,1
4201,padronizado,1
4202,dobrá-lo,1
4203,colada,1
4204,alí,1
4205,fizeram,1
4206,ajeite,1
4207,quebrando,1
4208,arrependido,1
4209,esqueci,1
4210,olhada,1
4211,ve,1
4212,recife,1
4213,moram,1
4214,levantada,1
4215,haverá,1
4216,hardware,1
4217,conservação,1
4218,compensando,1
4219,caneta,1
4220,preguiça,1
4221,impediu,1
4222,chateado,1
4223,tendência,1
4224,encurvar,1
4225,feitas,1
4226,clear,1
4227,incidente,1
4228,assisti,1
4229,funcionava,1
4230,menciona,1
4231,pelamordedeus,1
4232,pendente,1
4233,funcionalidades,1
4234,tecnológica,1
4235,atual,1
4236,suportasse,1
4237,adaptaram,1
4238,épocas,1
4239,impedimento,1
4240,funcionasse,1
4241,pendentes,1
4242,apertarmos,1
4243,providenciei,1
4244,descoladas,1
4245,sentaram,1
4246,anatomia,1
4247,vendas,1
4248,derrubasse,1
4249,ensinar,1
4250,advogada,1
4251,investi,1
4252,lacres,1
4253,corrompidos,1
4254,chave,1
4255,facul,1
4256,errei,1
4257,intenção,1
4258,ajudará,1
4259,um,1
4260,danos,1
4261,colocação,1
4262,tomba,1
4263,pe,1
4264,sustentar,1
4265,default,1
4266,enão,1
4267,perigoso,1
4268,ligações,1
4269,vice,1
4270,versa,1
4271,perfeccionismo,1
4272,kkkk,1
4273,cambeta,1
4274,videoconferências,1
4275,apropriado,1
4276,guardo,1
4277,controlar,1
4278,ítem,1
4279,justar,1
4280,dificílimas,1
4281,mania,1
4282,em,1
4283,vende,1
4284,estés,1
4285,incomodando,1
4286,proporcionalmente,1
4287,acompanhamento,1
4288,proporcionais,1
4289,figuras,1
4290,tenção,1
4291,desgastados,1
4292,day,1
4293,ajustasse,1
4294,harmonioso,1
4295,viria,1
4296,fielmente,1
4297,perigo,1
4298,flexivel,1
4299,sla,1
4300,traria,1
4301,tantos,1
4302,desconfio,1
4303,assento,1
4304,aliviar,1
4305,física,1
4306,tive,1
4307,ajeitada,1
4308,obrigatório,1
4309,pás,1
4310,topper,1
4311,cumbre,1
4312,usuarios,1
4313,orçamento,1
4314,recorrendo,1
4315,desnecessárias,1
4316,nomes,1
4317,verifica,1
4318,sobrenome,1
4319,negativas,1
4320,range,1
4321,básicas,1
4322,pouquinha,1
4323,decidir,1
4324,tombe,1
4325,atendem,1
4326,demandas,1
4327,ombro,1
4328,desabone,1
4329,utilizava,1
4330,graduação,1
4331,medidor,1
4332,formam,1
4333,mandatório,1
4334,arames,1
4335,movendo,1
4336,compensado,1
4337,possibilitando,1
4338,ganhou,1
4339,terapia,1
4340,psra,1
4341,plataforma,1
4342,wi-fi,1
4343,caiba,1
4344,recomendando,1
4345,duvidar,1
4346,ocupada,1
4347,ademais,1
4348,diários,1
4349,indicar,1
4350,familiares,1
4351,necessitar,1
4352,cansa,1
4353,forçaram,1
4354,carregando,1
4355,relativo,1
4356,sujeito,1
4357,empenamento,1
4358,ofertado,1
4359,mestre,1
4360,harmonizar,1
4361,desçam,1
4362,soube,1
4363,integridade,1
4364,dentre,1
4365,intermediário,1
4366,desencorajo,1
4367,desejam,1
4368,anatômica,1
4369,remontá-lo,1
4370,derrapam,1
4371,nestes,1
4372,precos,1
4373,competitivos,1
4374,espaco,1
4375,merecia,1
4376,centímetros,1
4377,desenquadrado,1
4378,escolhi,1
4379,macio,1
4380,posui,1
4381,deslise,1
4382,estético,1
4383,supostamente,1
4384,invertê-lo,1
4385,customizando,1
4386,aros,1
4387,configurado,1
4388,propõem,1
4389,grau,1
4390,imperfeição,1
4391,anéis,1
4392,estará,1
4393,eixo,1
4394,tensão,1
4395,importar,1
4396,volto,1
4397,insisto,1
4398,octopus,1
4399,devolvo,1
4400,melhoria,1
4401,acertei,1
4402,respire,1
4403,df,1
4404,mano,1
4405,prós,1
4406,rapidinho,1
4407,genérico,1
4408,lousa,1
4409,folhas,1
4410,deixaria,1
4411,ensinam,1
4412,gera,1
4413,ora,1
4414,juntos,1
4415,só,1
4416,desagradável,1
4417,doq,1
4418,licença,1
4419,maternidade,1
4420,very,1
4421,product,1
4422,tals,1
4423,sumiu,1
4424,desempenho,1
4425,soltam,1
4426,especifico,1
4427,gostaríamos,1
4428,fechando,1
4429,chance,1
4430,musculares,1
4431,despois,1
4432,perdeu,1
4433,cuidadosa,1
4434,ocasiões,1
4435,parti,1
4436,articula,1
4437,riscar,1
4438,acondiciona,1
4439,posicão,1
4440,melhorada,1
4441,suposto,1
4442,alegre,1
4443,despencar,1
4444,manha,1
4445,obrigação,1
4446,fidedigna,1
4447,hibrido,1
4448,ajustados,1
4449,abraçar,1
4450,folgou,1
4451,garfo,1
4452,inibe,1
4453,corra,1
4454,nesa,1
4455,passível,1
4456,falhar,1
4457,mecanicamente,1
4458,músicas,1
4459,executar,1
4460,tarefas,1
4461,estabilizava,1
4462,propões,1
4463,rodando,1
4464,iniciei,1
4465,comprometesse,1
4466,gerasse,1
4467,elsa,1
4468,guias,1
4469,movimentá-lo,1
4470,bastava,1
4471,cozinha,1
4472,prevenir,1
4473,prejuízos,1
4474,recursos,1
4475,movél,1
4476,afetar,1
4477,bolso,1
4478,vivem,1
4479,escapando,1
4480,encaixam,1
4481,definir,1
4482,conecta,1
4483,energia,1
4484,sensor,1
4485,infra,1
4486,conferência,1
4487,inviável,1
4488,desanimou,1
4489,falha,1
4490,comprometida,1
4491,escorregava,1
4492,sozinha,1
4493,sacola,1
4494,apensa,1
4495,próprios,1
4496,solo,1
4497,função.o,1
4498,esforços,1
4499,ese,1
4500,bíblia,1
4501,azarados,1
4502,recebendo,1
4503,rachada,1
4504,unico,1
4505,brm,1
4506,paciencia,1
4507,estao,1
4508,acionei,1
4509,curtas,1
4510,bordas,1
4511,tab,1
4512,negativamente,1
4513,recreação,1
4514,mostrou,1
4515,suficientemente,1
4516,aparador,1
4517,firmou,1
4518,aceita,1
4519,pulso,1
4520,desempenhou,1
4521,gigantesca,1
4522,auxilio,1
4523,creia,1
4524,pintadinho,1
4525,junta,1
4526,puxada,1
4527,efetuei,1
4528,mandaram,1
4529,chances,1
4530,desisto,1
4531,última,1
4532,desembolsar,1
4533,quantia,1
4534,naqueles,1
4535,mudo,1
4536,promove,1
4537,usuario,1
4538,últimos,1
4539,sobrevivia,1
4540,idêntico,1
4541,sentirá,1
4542,desestabilizado,1
4543,prefeito,1
4544,corrigido,1
4545,polegas,1
4546,ipads,1
4547,eletrônicos,1
4548,prestes,1
4549,interferir,1
4550,apresentaram,1
4551,problema.a,1
4552,solda,1
4553,revendido,1
4554,reavaliado,1
4555,encostadas,1
4556,pretendo,1
4557,lacrado,1
4558,anda,1
4559,ansiosa,1
4560,arrasando,1
4561,vendedores,1
4562,vagabundo,1
4563,branco,1
4564,adoramos,1
4565,promocao,1
4566,datas,1
4567,acabando,1
4568,travar,1
4569,travamento,1
4570,conferir,1
4571,correram,1
4572,descolou,1
4573,aninha,1
4574,avulso,1
4575,odiei,1
4576,tentaram,1
4577,colado,1
4578,pensa,1
4579,inferno,1
4580,preza,1
4581,professor,1
4582,universitário,1
4583,vagas,1
4584,artigos,1
4585,provas,1
4586,prefira,1
4587,fps,1
4588,piorar,1
4589,seguido,1
4590,ressurge,1
4591,surge,1
4592,frustrante,1
4593,doméstico,1
4594,beem,1
4595,projeto,1
4596,desculpe,1
4597,duvido,1
4598,provável,1
4599,derrapar,1
4600,velhinho,1
4601,desenhado,1
4602,aperta,1
4603,like,1
4604,fortalece,1
4605,inclinadas,1
4606,achou,1
4607,especiarias,1
4608,aprende,1
4609,desdobramento,1
4610,adaptou-se,1
4611,acomodar,1
4612,estruturada,1
4613,arredondado,1
4614,disposição,1
4615,entregaram,1
4616,jogos,1
4617,costumava,1
4618,agarra,1
4619,reguladora,1
4620,realizando,1
4621,desnecessário,1
4622,uó,1
4623,irrita,1
4624,riscando,1
4625,rolar,1
4626,estresse,1
4627,relevante,1
4628,desabonar,1
4629,rígida,1
4630,sequer,1
4631,amo,1
4632,aba,1
4633,rompeu,1
4634,reparar,1
4635,ti,1
4636,cabinho,1
4637,chá,1
4638,durando,1
4639,apoiador,1
4640,dobre,1
4641,pequenino,1
4642,ligo,1
4643,masé,1
4644,tombar,1
4645,sabe-se,1
4646,descarto,1
4647,alienware,1
4648,iguala,1
4649,renomada,1
4650,avulsos,1
4651,parâmetros,1
4652,caída,1
4653,entrada,1
4654,seguras,1
4655,senso,1
4656,empenando,1
4657,complicaram,1
4658,acoplamentos,1
4659,acoplamento,1
4660,suavemente,1
4661,verifiquei,1
4662,fornecedores,1
4663,corriqueiramente,1
4664,padrões,1
4665,device,1
4666,precisa-se,1
4667,functional,1
4668,involuntário,1
4669,pós,1
4670,apoiadores,1
4671,uniformes,1
4672,informam,1
4673,papelzinho,1
4674,trepida,1
4675,restinho,1
4676,esperamos,1
4677,firulas,1
4678,perfumarias,1
4679,empurra,1
4680,descendo,1
4681,manuseia,1
4682,estressadas,1
4683,grossos,1
4684,ultrafinos,1
4685,daquele,1
4686,travado,1
4687,presta,1
4688,desencaixar,1
4689,mala,1
4690,faltando,1
4691,proporcionado,1
4692,dona,1
4693,pensão,1
4694,espesso,1
4695,ultra,1
4696,limitador,1
4697,diâmetro,1
4698,ira,1
4699,contrariando,1
4700,assegure,1
4701,experimentar,1
4702,qto,1
4703,cg,1
4704,garantido,1
4705,prever,1
4706,orientação,1
4707,confiavel,1
4708,mta,1
4709,eficiencia,1
4710,eficientes,1
4711,mais.o,1
4712,eventual,1
4713,encostei,1
4714,circule,1
4715,sugestão,1
4716,incluir,1
4717,centavos,1
4718,fechados,1
4719,realiza,1
4720,dias.em,1
4721,arranhando,1
4722,abas,1
4723,contrario,1
4724,iniciais,1
4725,escritórios,1
4726,ventanas,1
4727,constitui,1
4728,elementos,1
4729,expressivos,1
4730,insistência,1
4731,relaxar,1
4732,dispositivos,1
4733,inviabiliza,1
4734,liberou,1
4735,pretendida,1
4736,ardência,1
4737,provocadas,1
4738,luz,1
4739,ideais,1
4740,bonitinha,1
4741,reclamam,1
4742,fixados,1
4743,negras,1
4744,flácidas,1
4745,interseção,1
4746,configura,1
4747,set,1
4748,confortáveis,1
4749,impedisse,1
4750,comento,1
4751,feedbacks,1
4752,ms,1
4753,mereceu,1
4754,economizei,1
4755,negativa,1
4756,anexada,1
4757,devidamente,1
4758,sustentável,1
4759,dirá,1
4760,palavras,1
4761,quaisquer,1
4762,pormenores,1
4763,optaria,1
4764,lançando,1
4765,inuteis,1
4766,baixíssima,1
4767,imbecil,1
4768,arrepende,1
4769,usada,1
4770,embalar,1
4771,desinfetei,1
4772,fiscaliza,1
4773,market,1
4774,place,1
4775,aconteçam,1
4776,ceará,1
4777,articulável,1
4778,páginas,1
4779,desing,1
4780,viagens,1
4781,bobeira,1
4782,preocupar,1
4783,daqui,1
4784,dali,1
4785,retirada,1
4786,pen,1
4787,drives,1
4788,desbalanceado,1
4789,indevida,1
4790,comentário,1
4791,usuária,1
4792,ensina,1
4793,piora,1
4794,afastado,1
4795,projetado,1
4796,propunha,1
4797,procurei,1
4798,acomodou,1
4799,extremamento,1
4800,decorrer,1
4801,erradas,1
4802,fracas,1
4803,encomendei,1
4804,categoria,1
4805,estante,1
4806,tempão,1
4807,prendedores,1
4808,estarem,1
4809,fininho,1
4810,feios,1
4811,correio,1
4812,contratempo,1
4813,paralelo,1
4814,ficara,1
4815,pensem,1
4816,notado,1
4817,resolveria,1
4818,queixas,1
4819,muiito,1
4820,tiquinho,1
4821,rente,1
4822,consta,1
4823,estantes,1
4824,transporto,1
4825,sobrecarregar,1
4826,disto,1
4827,menina,1
4828,ams,1
4829,adquirir,1
4830,bucado,1
4831,pedra,1
4832,min,1
4833,transportá-lo,1
4834,dobram,1
4835,mexem,1
4836,recomendada,1
4837,octo,1
4838,desnivel,1
4839,relatado,1
4840,maravilhas,1
4841,resolvida,1
4842,recomendar,1
4843,empresarial,1
4844,usá-los,1
4845,acostume,1
4846,devendo,1
4847,faltava,1
4848,ventiladas,1
4849,posicionadas,1
4850,dance,1
4851,estática,1
4852,diâmetros,1
4853,crer,1
4854,fantástico,1
